CHR	POS	REF	ALT	Risk_Allele	BETA_aligned	Beta_Cell	Proinsulin	Obesity	Lipodystrophy	Liver_Lipid
1	39835817	A	G	G	0.07699999999999968	0	0	0	1.031304469	0
1	50909985	G	A	G	0.06300000000000025	0	0	0	0.81215861	0
1	120517959	G	T	T	0.0820000000000008	0	0	0	0	0
1	214159256	T	C	C	0.06799999999999601	0	0	0	0	0
1	219753509	T	C	T	0.05600000000000033	0	0	0	1.918557821	0
2	27741237	T	C	C	0.0649999999999975	0	0	0	0	5.339529613
2	43690030	C	T	C	0.12000000000000054	0	0	0	0	0
2	60584819	G	A	A	0.05800000000000236	0	0	0	0	0
2	161317460	A	C	A	0.0409999999999999	0	0	1.036266504	0	0
2	165528876	C	T	C	0.0609999999999997	0	0	0	2.737985002	0
2	227093745	T	C	C	0.09399999999999668	0	0	0	3.007770918	0
3	12396955	G	A	G	0.09999999999999958	0	0	0	2.106952691	0
3	23454790	A	G	A	0.0710000000000001	1.349834571	0	0	0	0
3	47282303	G	A	A	0.032000000000001624	0	0	0	0.955533914	0
3	64705365	C	T	C	0.04799999999999978	0	0	0	0.949143078	0
3	123065778	A	G	A	0.08900000000000005	0.919339873	0	0	1.242419751	0
3	185511687	G	T	T	0.10999999999999881	0	0.969492709	0	0	0
3	187740523	T	C	C	0.060000000000000435	0	0	0	0	0
4	6289986	T	G	G	0.08600000000000126	0	0	0	0	0
4	153520475	C	T	C	0.05499999999999982	0	0	0	0	0
4	185714289	G	T	G	0.06899999999999999	1.348815166	0	0	0	0
5	53271420	G	A	A	0.05099999999999633	0	0	0	1.286215301	0
5	55806751	A	G	G	0.07299999999999687	0	0	0	1.798945981	0
5	76424949	G	A	G	0.05899999999999968	0	0	0	0.964186868	0
6	7258617	C	T	C	0.030999999999999892	0	0	0	0	0
6	20679709	A	G	G	0.1400000000000024	3.048847064	0	0	0	0
6	31136714	T	C	C	0.05199999999999556	0	0	0	1.056088163	0
6	32594328	C	T	T	0.07000000000000337	0	0	0	0	0.975505529
6	137299152	A	G	A	0.048999999999999856	0	0	0	0	0
7	15064309	G	T	T	0.06599999999999694	0	0	0	0	0
7	28180556	T	C	T	0.09000000000000025	0	0	0	0	0
7	130444934	A	G	A	0.047000000000000174	0	0	0	1.628019128	0
7	157031407	T	G	G	0.06599999999999694	0	0	0	0	0
8	19847690	C	A	C	0.06799999999999953	0	0	0	1.536340725	0
8	41519248	T	C	C	0.0800000000000013	1.120992018	0	0	0	0
8	95937502	T	C	T	0.04799999999999978	0	0	0	0	0
8	118185025	G	A	G	0.11000000000000028	2.406988851	0	0	0	0
9	4292083	G	A	A	0.043999999999996424	1.093570702	0	0	0	0
9	22134094	T	C	T	0.1600000000000004	1.765976309	0	0	0	0
9	81905590	A	G	A	0.09999999999999958	0.776349603	0	0	0	0
9	84308948	G	A	G	0.06599999999999988	0	0	0	0	0
9	136149229	T	C	C	0.04600000000000278	1.16922027	0	0	0	0
10	12307894	C	T	T	0.08999999999999965	1.586945057	0.780256824	0	0	0
10	71470390	T	C	T	0.05600000000000033	0	0	0	0	0
10	80942631	A	G	A	0.07000000000000019	0	0	0	0	0
10	94462882	C	T	C	0.11000000000000028	2.656150206	0	0	0	0
10	114758349	C	T	T	0.31000000000000166	2.467730371	0	0	0	0
10	124167512	C	T	C	0.0459999999999996	0	0	0	0	0
11	1696849	C	T	T	0.0330000000000044	0.958816907	0	0	0	0
11	2231273	C	T	C	0.026000000000000297	0	0	0	0	0
11	2839751	C	T	C	0.11000000000000028	0	0	0	0	0
11	17408630	C	T	C	0.07000000000000019	1.1907225319999999	0	0	0	0
11	43876435	A	G	G	0.04799999999999947	0.780542751	0	1.239763651	0	0
11	65365171	G	T	T	0.03800000000000229	0	0	0	0	0
11	72433098	A	C	A	0.09999999999999958	0	4.484005199	0	0	0
11	92694757	A	G	G	0.07400000000000019	3.805805739	0	0	0	0
12	4374373	A	G	G	0.05599999999999872	0	0.812262616	0	0.938117874	0
12	27965150	C	T	C	0.07400000000000019	0	0	0	0	0
12	66212318	C	T	T	0.10999999999999881	0	0	0	0	0
12	71663102	C	T	C	0.03799999999999955	0	0	0	0	0.832409201
12	121471931	C	T	C	0.0640000000000005	1.555165711	0	0	0	0
12	123626982	C	T	T	0.04500000000000297	0	0	0	0.786263295	0
13	80717156	G	A	G	0.08299999999999967	0	1.073285579	0	0	0
14	79945162	A	G	G	0.05699999999999986	0	0	1.715179024	0	0
15	62383155	T	C	T	0.0459999999999996	2.682449859	0	0	0	0
15	77747190	A	G	G	0.07799999999999706	0	0	0	0	0
15	80365745	T	G	G	0.028000000000004743	0	0	0	0	0
15	90391270	T	C	T	0.06199999999999992	1.542308864	0	0	0	0
15	91544076	A	G	G	0.04199999999999681	1.262054068	0	0	0	0
16	53819893	A	G	G	0.1200000000000038	0	0	4.962742547	0	0
16	75245003	G	T	G	0.0989999999999995	1.005367747	0	0	0	0
16	81534790	T	C	T	0.05300000000000022	0	0	0	1.7435392220000001	0
17	3985864	G	A	A	0.05499999999999604	0	0	0	0	0
17	9791375	T	C	C	0.03800000000000229	1.215597221	0	0	0	0
17	36098040	G	A	G	0.06899999999999999	1.038124357	0	0	0	0
17	47005193	A	G	G	0.043999999999996424	0.883230277	0	0	0	0
17	65988049	T	C	T	0.04499999999999994	0	0	0	1.07817894	0
18	7076836	C	T	T	0.03599999999999631	0	0	0	0	0
18	57884750	G	A	A	0.05199999999999556	0	0	2.783096254	0	0
19	19658472	G	T	T	0.07400000000000019	0	0	0	0	2.054091661
19	46158513	T	G	G	0.06199999999999653	1.254763217	0	0	0	0
20	42989267	G	A	A	0.04999999999999606	0.843930149	0.793323242	0	0	0
20	39832628	T	C	C	0.023999999999998477	1.369292386	0	0	0	0
22	44324730	C	T	T	0.04900000000000182	0	0	0	0	0.841476166
22	30342191	A	G	A	0.0799999999999998	0	0	0	0	0
5	55856375	G	T	T	0.06699999999999984	0	0	0	1.308965437	0
7	14922007	T	C	C	0.06599999999999694	0	1.000693703	0	0	0
9	22061562	C	A	A	0.05400000000000006	0.971468871	0	0	0	0
9	22133984	T	C	C	0.02100000000000142	0	0	0	0	0
11	2691500	G	A	A	0.06400000000000453	0	0	0	0	0
11	2843803	G	A	G	0.07299999999999973	1.184444019	0	0	0	0
11	2912553	G	A	A	0.017999999999996227	0	0	0	0	0
12	4300809	T	C	C	0.04700000000000407	0	0	0	0	0
20	43042364	C	T	T	0.15999999999999986	0	0	0	0	0
