CHR	POS	REF	ALT	Risk_Allele	BETA_aligned	Body_fat	Obesity	Metabolic_syndrome	Residual_glycaemic	Beta_cell_-PI	Beta_cell_+PI	Lipodystrophy	Liver/lipid_metabolism
15	62391608	C	T	C	0.0466	0	0	0	0	0	0.0466	0	0
12	66245053	G	A	A	0.1652	0	0	0	0.1652	0	0	0	0
6	31241035	G	A	G	0.1227	0.1227	0	0	0	0	0	0	0
2	165337714	G	A	A	0.0227	0	0	0.0227	0	0	0	0	0
17	47060322	C	A	C	0.0427	0	0.0427	0	0	0	0	0	0
7	14898282	C	T	T	0.0579	0.0579	0	0	0	0	0	0	0
8	23571807	G	A	G	0.0163	0	0	0.0163	0	0	0	0	0
10	124157046	A	G	A	0.0344	0	0	0.0344	0	0	0	0	0
6	32120715	T	C	C	0.0225	0.0225	0	0	0	0	0	0	0
1	155273869	G	A	G	0.0189	0	0	0	0	0	0.0189	0	0
11	2122617	T	C	C	0.025	0	0	0	0.025	0	0	0	0
11	27690399	C	T	C	0.0291	0	0.0291	0	0	0	0	0	0
7	26397239	C	A	C	0.0201	0	0	0	0	0	0	0.0201	0
5	92907684	G	A	G	0.0289	0.0289	0	0	0	0	0	0	0
7	99949801	A	C	A	0.0666	0.0666	0	0	0	0	0	0	0
3	50174197	G	T	G	0.0279	0	0.0279	0	0	0	0	0	0
3	23049548	T	C	C	0.1869	0	0	0	0.1869	0	0	0	0
10	72599167	T	C	C	0.0229	0	0	0	0.0229	0	0	0	0
3	114943779	C	T	T	0.0409	0	0	0	0.0409	0	0	0	0
16	77232746	A	C	C	0.0293	0	0.0293	0	0	0	0	0	0
7	130433384	C	T	C	0.0388	0	0	0	0	0	0	0.0388	0
11	10067262	G	C	C	0.0176	0.0176	0	0	0	0	0	0	0
11	2580063	G	A	G	0.021	0.021	0	0	0	0	0	0	0
2	196703316	C	T	C	0.0218	0.0218	0	0	0	0	0	0	0
8	75201983	A	G	G	0.0306	0	0	0	0	0.0306	0	0	0
10	91443283	C	T	T	0.0225	0	0	0	0.0225	0	0	0	0
6	152139886	T	C	C	0.0218	0	0	0	0.0218	0	0	0	0
17	2309929	A	G	A	0.0196	0	0	0	0	0.0196	0	0	0
11	30608133	G	A	A	0.0317	0	0.0317	0	0	0	0	0	0
3	66914758	T	C	T	0.0182	0.0182	0	0	0	0	0	0	0
13	80707429	A	G	A	0.0696	0	0	0	0	0.0696	0	0	0
3	135793657	C	G	G	0.0299	0	0	0.0299	0	0	0	0	0
11	61565908	T	C	T	0.0275	0	0	0	0	0	0.0275	0	0
17	61667008	C	T	C	0.0571	0	0.0571	0	0	0	0	0	0
1	112318484	A	G	A	0.0215	0	0.0215	0	0	0	0	0	0
3	122030601	T	C	T	0.0299	0	0	0	0	0.0299	0	0	0
6	156986550	A	C	C	0.0276	0	0	0	0.0276	0	0	0	0
10	122929493	T	C	C	0.0549	0	0	0	0.0549	0	0	0	0
6	23014446	A	C	A	0.017	0	0	0	0.017	0	0	0	0
13	51094114	T	G	T	0.0385	0	0	0	0	0.0385	0	0	0
3	186665645	C	T	T	0.039	0	0	0	0	0.039	0	0	0
17	36102381	A	G	A	0.0649	0	0	0	0	0.0649	0	0	0
7	93118736	C	T	C	0.023	0	0	0	0.023	0	0	0	0
10	114731360	C	T	T	0.158	0	0	0	0	0	0.158	0	0
2	65661468	A	C	A	0.043	0	0	0.043	0	0	0	0	0
13	31017258	C	T	C	0.0203	0	0.0203	0	0	0	0	0	0
20	54156465	G	T	T	0.0198	0	0.0198	0	0	0	0	0	0
1	154292320	G	A	A	0.0262	0	0	0	0	0	0.0262	0	0
10	63724787	C	T	C	0.0496	0	0	0	0	0.0496	0	0	0
2	234185539	C	T	C	0.0417	0.0417	0	0	0	0	0	0	0
2	213818731	T	C	T	0.0277	0	0	0.0277	0	0	0	0	0
11	2185127	C	G	G	0.0888	0	0	0	0.0888	0	0	0	0
12	4381981	C	T	C	0.0575	0	0	0	0.0575	0	0	0	0
15	80428575	T	A	A	0.0173	0	0	0	0	0.0173	0	0	0
2	66671858	C	A	C	0.0228	0	0	0	0.0228	0	0	0	0
7	156794983	A	G	A	0.0159	0.0159	0	0	0	0	0	0	0
7	150812683	G	A	G	0.0212	0	0.0212	0	0	0	0	0	0
11	74545378	T	G	T	0.0205	0	0	0	0.0205	0	0	0	0
16	968717	T	C	C	0.0192	0	0	0	0.0192	0	0	0	0
12	121436391	T	C	T	0.1214	0.1214	0	0	0	0	0	0	0
2	121440218	G	T	T	0.0389	0	0	0.0389	0	0	0	0	0
6	111821113	A	C	C	0.0278	0.0278	0	0	0	0	0	0	0
16	25236955	T	C	C	0.0191	0.0191	0	0	0	0	0	0	0
9	134870755	T	G	T	0.0231	0	0.0231	0	0	0	0	0	0
1	93215718	T	C	T	0.0182	0.0182	0	0	0	0	0	0	0
17	29704002	T	C	T	0.0336	0	0.0336	0	0	0	0	0	0
7	13829482	A	G	A	0.0716	0.0716	0	0	0	0	0	0	0
6	154404313	A	G	G	0.0258	0	0.0258	0	0	0	0	0	0
17	56966052	C	T	T	0.0214	0.0214	0	0	0	0	0	0	0
1	16050470	A	C	C	0.0335	0	0	0	0.0335	0	0	0	0
2	218784531	T	A	A	0.0226	0	0	0	0.0226	0	0	0	0
7	89766208	G	A	A	0.0306	0	0	0	0	0.0306	0	0	0
5	52850891	T	C	T	0.0224	0.0224	0	0	0	0	0	0	0
17	44286384	C	A	C	0.0242	0	0	0	0	0.0242	0	0	0
16	1336403	G	A	G	0.0205	0	0	0	0.0205	0	0	0	0
9	4290085	G	C	C	0.0501	0	0	0	0	0	0.0501	0	0
3	13426947	G	A	G	0.0188	0	0	0	0.0188	0	0	0	0
20	62779229	C	T	C	0.0228	0	0	0.0228	0	0	0	0	0
2	58959112	G	A	A	0.0305	0	0.0305	0	0	0	0	0	0
16	53772994	T	C	T	0.0329	0	0.0329	0	0	0	0	0	0
15	91513157	T	A	A	0.0606	0	0	0	0.0606	0	0	0	0
2	16229032	A	C	A	0.022	0	0	0	0.022	0	0	0	0
6	126792095	A	G	G	0.0585	0	0	0	0.0585	0	0	0	0
8	74680416	A	G	G	0.0335	0	0.0335	0	0	0	0	0	0
8	128711742	G	A	G	0.0632	0	0	0	0	0.0632	0	0	0
12	121161453	C	T	C	0.0229	0	0	0	0.0229	0	0	0	0
15	39653053	A	C	A	0.0185	0	0	0.0185	0	0	0	0	0
7	48849508	G	A	A	0.0206	0.0206	0	0	0	0	0	0	0
17	36047417	A	G	G	0.0475	0	0	0	0	0.0475	0	0	0
11	9856015	C	T	T	0.0349	0.0349	0	0	0	0	0	0	0
1	65988706	A	G	G	0.0354	0	0.0354	0	0	0	0	0	0
2	6159981	C	T	C	0.0191	0	0.0191	0	0	0	0	0	0
7	77829768	G	A	G	0.0179	0	0.0179	0	0	0	0	0	0
6	41681622	T	A	A	0.0199	0.0199	0	0	0	0	0	0	0
1	198451136	A	G	G	0.0287	0	0	0	0.0287	0	0	0	0
2	165508389	C	T	C	0.065	0	0	0	0	0	0	0.065	0
8	41522991	A	G	G	0.0692	0	0	0	0	0.0692	0	0	0
12	123450765	G	C	C	0.0311	0	0	0.0311	0	0	0	0	0
16	20370981	A	C	A	0.0199	0	0.0199	0	0	0	0	0	0
7	36735353	A	G	G	0.0194	0	0	0	0.0194	0	0	0	0
14	77300863	C	T	C	0.027	0	0	0	0.027	0	0	0	0
8	145976021	T	C	T	0.0237	0	0	0.0237	0	0	0	0	0
6	166182536	C	A	A	0.0161	0	0	0.0161	0	0	0	0	0
11	2497501	C	T	T	0.0224	0.0224	0	0	0	0	0	0	0
12	4241118	A	G	A	0.0622	0	0	0	0	0.0622	0	0	0
7	92236164	T	C	C	0.0247	0	0	0.0247	0	0	0	0	0
12	124508976	G	C	C	0.0396	0	0	0	0	0	0	0.0396	0
1	72814783	A	G	G	0.034	0	0.034	0	0	0	0	0	0
10	114790073	G	A	A	0.2131	0	0	0.2131	0	0	0	0	0
2	18702074	G	A	A	0.0213	0	0	0.0213	0	0	0	0	0
15	74329193	T	C	C	0.0193	0	0.0193	0	0	0	0	0	0
7	4691060	C	T	T	0.03	0.03	0	0	0	0	0	0	0
16	53813952	T	A	A	0.1005	0.1005	0	0	0	0	0	0	0
8	96002243	C	T	T	0.0822	0	0	0	0.0822	0	0	0	0
3	186757995	A	T	T	0.0237	0	0	0	0.0237	0	0	0	0
8	36854711	T	G	G	0.0381	0	0	0	0.0381	0	0	0	0
10	94463945	G	A	G	0.093	0	0	0.093	0	0	0	0	0
12	48712932	T	A	T	0.0247	0	0	0	0	0	0.0247	0	0
10	122836858	C	T	C	0.0372	0	0	0	0.0372	0	0	0	0
13	91963080	A	T	A	0.0465	0.0465	0	0	0	0	0	0	0
15	77812028	A	G	G	0.0655	0.0655	0	0	0	0	0	0	0
10	55770901	G	C	C	0.015	0	0.015	0	0	0	0	0	0
16	29983119	G	T	T	0.0247	0	0.0247	0	0	0	0	0	0
2	60532608	A	G	G	0.0296	0	0	0	0.0296	0	0	0	0
15	62218098	T	C	T	0.1238	0.1238	0	0	0	0	0	0	0
12	4518681	A	G	A	0.1969	0.1969	0	0	0	0	0	0	0
12	121938185	C	G	C	0.0234	0	0	0	0.0234	0	0	0	0
11	8687710	C	G	C	0.0346	0	0.0346	0	0	0	0	0	0
2	234306982	G	T	T	0.0305	0	0	0	0	0.0305	0	0	0
10	89721412	C	T	T	0.0354	0	0	0.0354	0	0	0	0	0
11	2799679	T	C	T	0.0311	0.0311	0	0	0	0	0	0	0
8	85626666	G	T	T	0.0165	0.0165	0	0	0	0	0	0	0
1	204539291	A	G	A	0.0299	0.0299	0	0	0	0	0	0	0
6	31112701	G	A	A	0.1104	0	0	0	0.1104	0	0	0	0
14	25949277	G	T	T	0.0219	0	0.0219	0	0	0	0	0	0
17	519554	G	A	A	0.0318	0	0	0.0318	0	0	0	0	0
2	59308101	A	G	A	0.031	0	0.031	0	0	0	0	0	0
13	60692067	T	C	T	0.0104	0	0	0	0.0104	0	0	0	0
19	19388500	A	T	T	0.0538	0	0	0	0	0	0	0	0.0538
3	141153545	A	C	A	0.0749	0	0	0	0	0	0.0749	0	0
11	68830707	G	A	A	0.0262	0	0	0.0262	0	0	0	0	0
1	214150445	T	A	A	0.1668	0	0	0	0	0	0.1668	0	0
6	28852364	G	A	A	0.026	0	0	0.026	0	0	0	0	0
2	43611883	T	C	T	0.1104	0	0	0	0	0	0.1104	0	0
7	130025713	G	A	G	0.1216	0	0	0.1216	0	0	0	0	0
12	95921998	T	C	C	0.0491	0	0	0	0.0491	0	0	0	0
20	22549369	T	C	T	0.0341	0	0	0	0	0	0.0341	0	0
6	139205386	T	C	C	0.0188	0	0	0	0.0188	0	0	0	0
2	145704420	A	G	G	0.0215	0	0	0	0.0215	0	0	0	0
12	20579392	G	C	G	0.033	0	0	0.033	0	0	0	0	0
16	53543205	A	G	G	0.0696	0	0	0.0696	0	0	0	0	0
7	30728452	C	T	C	0.038	0.038	0	0	0	0	0	0	0
3	42311492	A	G	G	0.0247	0	0.0247	0	0	0	0	0	0
2	179440029	G	A	G	0.0234	0.0234	0	0	0	0	0	0	0
2	161235452	C	T	T	0.0213	0.0213	0	0	0	0	0	0	0
6	117216904	A	G	G	0.0367	0.0367	0	0	0	0	0	0	0
4	3241845	C	T	T	0.0486	0	0.0486	0	0	0	0	0	0
8	17868521	T	C	C	0.0228	0	0	0.0228	0	0	0	0	0
10	81011589	C	T	T	0.0266	0.0266	0	0	0	0	0	0	0
14	79825106	C	T	C	0.0312	0.0312	0	0	0	0	0	0	0
4	145659064	T	C	C	0.0405	0	0	0.0405	0	0	0	0	0
1	16319957	C	T	C	0.0198	0.0198	0	0	0	0	0	0	0
5	14755919	C	T	C	0.2927	0.2927	0	0	0	0	0	0	0
14	58752587	G	C	G	0.0236	0	0	0	0.0236	0	0	0	0
5	74934009	A	T	T	0.0343	0	0.0343	0	0	0	0	0	0
2	60714861	A	C	C	0.0099	0	0	0	0.0099	0	0	0	0
8	118143152	C	A	C	0.379	0	0	0	0.379	0	0	0	0
9	116664845	T	C	T	0.0205	0	0	0	0.0205	0	0	0	0
6	167417551	G	T	T	0.0211	0	0	0.0211	0	0	0	0	0
8	41903402	T	C	C	0.0268	0.0268	0	0	0	0	0	0	0
7	102553366	T	C	C	0.0821	0	0	0	0	0.0821	0	0	0
11	65326154	G	A	A	0.0435	0	0.0435	0	0	0	0	0	0
8	57499986	G	C	C	0.0283	0	0	0	0.0283	0	0	0	0
2	165769051	A	G	G	0.0197	0	0	0	0	0	0	0.0197	0
18	1839564	A	G	G	0.0358	0	0.0358	0	0	0	0	0	0
19	7968168	G	A	A	0.0361	0	0	0	0	0	0	0.0361	0
15	91695362	G	A	A	0.0305	0.0305	0	0	0	0	0	0	0
4	156703084	G	A	A	0.0281	0	0	0	0.0281	0	0	0	0
10	113046379	C	G	C	0.0385	0.0385	0	0	0	0	0	0	0
3	185826740	T	G	G	0.0312	0	0.0312	0	0	0	0	0	0
5	44682589	A	G	G	0.0229	0	0	0	0	0	0.0229	0	0
6	19712293	A	G	A	0.0217	0	0	0	0.0217	0	0	0	0
9	137176332	G	A	G	0.0274	0	0	0.0274	0	0	0	0	0
1	213714381	G	A	G	0.0219	0	0	0	0	0	0.0219	0	0
10	114593006	G	A	G	0.0177	0	0	0	0	0	0.0177	0	0
6	21131663	T	C	C	0.0676	0	0	0	0.0676	0	0	0	0
7	102333858	T	C	T	0.0249	0	0	0	0.0249	0	0	0	0
2	16663741	C	T	T	0.0357	0	0	0	0	0.0357	0	0	0
10	114765469	G	T	G	0.0451	0.0451	0	0	0	0	0	0	0
9	96910815	G	A	A	0.0317	0.0317	0	0	0	0	0	0	0
11	14671396	G	A	A	0.1291	0	0	0	0.1291	0	0	0	0
11	66060538	G	T	T	0.0268	0.0268	0	0	0	0	0	0	0
20	51296548	G	A	G	0.013	0	0.013	0	0	0	0	0	0
2	165451762	G	C	G	0.0499	0	0	0	0.0499	0	0	0	0
12	20592624	G	A	A	0.0314	0	0	0	0.0314	0	0	0	0
15	56885148	C	G	G	0.0896	0.0896	0	0	0	0	0	0	0
4	20033472	G	C	C	0.0218	0.0218	0	0	0	0	0	0	0
12	112241766	G	A	G	0.0471	0.0471	0	0	0	0	0	0	0
3	52116236	G	C	G	0.0193	0	0	0.0193	0	0	0	0	0
2	59527396	G	A	G	0.0763	0	0	0	0.0763	0	0	0	0
3	121966233	G	C	C	0.0241	0	0	0	0	0	0.0241	0	0
17	77896764	T	C	T	0.0209	0.0209	0	0	0	0	0	0	0
11	118942638	A	C	C	0.021	0	0.021	0	0	0	0	0	0
20	308193	A	G	G	0.0337	0	0	0	0.0337	0	0	0	0
16	9735857	C	T	T	0.0177	0	0.0177	0	0	0	0	0	0
20	32437142	C	T	T	0.0246	0.0246	0	0	0	0	0	0	0
16	53838658	G	A	G	0.0425	0	0.0425	0	0	0	0	0	0
20	60897488	G	A	A	0.0217	0	0	0	0.0217	0	0	0	0
10	99056190	A	T	A	0.0305	0	0.0305	0	0	0	0	0	0
6	43801878	C	T	C	0.0245	0	0	0	0.0245	0	0	0	0
7	44365549	C	T	C	0.04	0	0	0	0	0.04	0	0	0
6	39288945	G	A	A	0.0472	0	0	0	0	0.0472	0	0	0
11	2869452	G	A	A	0.0799	0.0799	0	0	0	0	0	0	0
5	36208413	C	A	A	0.0535	0	0	0	0.0535	0	0	0	0
6	51215153	C	G	G	0.0294	0	0.0294	0	0	0	0	0	0
19	8429323	G	A	G	0.1136	0	0	0	0	0	0	0.1136	0
8	19833156	A	T	A	0.0549	0	0	0	0	0	0	0.0549	0
6	21079357	A	G	A	0.0286	0	0	0	0.0286	0	0	0	0
14	69563295	A	G	G	0.0169	0.0169	0	0	0	0	0	0	0
3	171998829	C	T	T	0.0163	0	0	0	0.0163	0	0	0	0
10	114834411	G	A	A	0.1885	0	0	0	0.1885	0	0	0	0
16	15153717	T	C	T	0.0288	0	0.0288	0	0	0	0	0	0
7	68771861	G	A	G	0.0134	0.0134	0	0	0	0	0	0	0
17	34866546	C	T	C	0.0203	0	0.0203	0	0	0	0	0	0
7	15065003	T	C	C	0.0628	0	0	0	0	0	0.0628	0	0
11	2283950	C	T	T	0.0818	0	0	0.0818	0	0	0	0	0
10	114881845	A	G	G	0.1258	0	0	0	0	0	0.1258	0	0
22	30237706	G	A	G	0.0395	0	0	0.0395	0	0	0	0	0
9	97828989	T	C	C	0.0316	0	0	0	0.0316	0	0	0	0
3	185548640	A	G	G	0.0846	0	0	0.0846	0	0	0	0	0
5	87682877	C	G	C	0.0278	0	0.0278	0	0	0	0	0	0
13	80770112	G	C	C	0.0155	0	0	0	0.0155	0	0	0	0
14	101309759	G	A	G	0.0227	0	0	0	0.0227	0	0	0	0
12	121930945	A	C	C	0.0256	0	0	0.0256	0	0	0	0	0
6	20577467	A	G	G	0.1369	0	0	0	0.1369	0	0	0	0
2	171674696	T	C	C	0.0183	0.0183	0	0	0	0	0	0	0
12	57146069	T	G	G	0.0352	0	0	0.0352	0	0	0	0	0
7	51087799	A	G	A	0.0237	0	0	0.0237	0	0	0	0	0
16	31129942	C	T	T	0.0104	0	0.0104	0	0	0	0	0	0
3	9518511	C	T	T	0.0317	0	0.0317	0	0	0	0	0	0
3	129320530	A	G	A	0.0293	0	0	0.0293	0	0	0	0	0
1	82465778	G	A	A	0.0229	0	0.0229	0	0	0	0	0	0
15	72478513	A	G	G	0.0323	0	0	0	0.0323	0	0	0	0
13	23309382	C	T	C	0.0358	0	0	0	0	0.0358	0	0	0
3	12461615	G	A	G	0.0253	0	0	0.0253	0	0	0	0	0
17	70296543	A	G	G	0.0203	0	0	0	0.0203	0	0	0	0
20	42677758	C	T	T	0.235	0.235	0	0	0	0	0	0	0
5	101814609	A	G	G	0.02	0	0	0	0.02	0	0	0	0
14	90055468	G	T	G	0.0292	0	0	0	0	0	0.0292	0	0
12	21838885	G	A	G	0.0293	0	0	0	0	0.0293	0	0	0
11	103020971	T	C	C	0.0234	0	0.0234	0	0	0	0	0	0
16	24816492	A	G	A	0.0205	0	0.0205	0	0	0	0	0	0
19	41847737	G	A	A	0.1893	0.1893	0	0	0	0	0	0	0
8	132875320	C	T	T	0.0268	0	0	0	0.0268	0	0	0	0
2	105190420	G	A	G	0.0179	0.0179	0	0	0	0	0	0	0
10	114784926	C	T	T	0.1863	0	0	0	0	0	0.1863	0	0
4	39413650	A	T	T	0.0216	0.0216	0	0	0	0	0	0	0
1	47702368	T	C	T	0.0187	0	0.0187	0	0	0	0	0	0
3	185489834	C	A	A	0.1538	0.1538	0	0	0	0	0	0	0
4	6303731	G	A	G	0.2393	0	0	0	0.2393	0	0	0	0
8	110112887	A	G	A	0.0172	0	0.0172	0	0	0	0	0	0
10	114609063	A	C	C	0.0301	0	0	0	0	0	0.0301	0	0
10	81059335	G	T	T	0.0158	0.0158	0	0	0	0	0	0	0
9	28414625	C	T	T	0.0396	0	0.0396	0	0	0	0	0	0
8	41500399	C	T	C	0.0978	0	0	0	0	0.0978	0	0	0
11	61245614	G	T	G	0.034	0.034	0	0	0	0	0	0	0
13	114277201	G	A	A	0.017	0.017	0	0	0	0	0	0	0
6	161694179	T	G	G	0.0178	0	0	0	0.0178	0	0	0	0
6	1894146	G	C	G	0.0338	0	0	0	0.0338	0	0	0	0
22	40540762	T	G	T	0.022	0	0.022	0	0	0	0	0	0
10	94488695	C	G	G	0.0755	0.0755	0	0	0	0	0	0	0
9	23347865	C	G	G	0.0223	0	0.0223	0	0	0	0	0	0
2	227094758	A	G	G	0.0774	0	0	0	0	0	0	0.0774	0
20	62445702	G	A	G	0.0378	0.0378	0	0	0	0	0	0	0
12	4580240	A	G	A	0.0991	0	0	0	0.0991	0	0	0	0
6	43269179	C	A	C	0.0172	0	0	0	0.0172	0	0	0	0
19	1224518	C	T	T	0.0269	0	0	0	0.0269	0	0	0	0
14	91972752	C	T	T	0.0235	0	0	0	0.0235	0	0	0	0
5	127406259	G	T	T	0.0239	0	0	0.0239	0	0	0	0	0
10	114906714	G	A	A	0.0273	0	0	0	0.0273	0	0	0	0
7	22859093	G	A	G	0.0186	0.0186	0	0	0	0	0	0	0
12	66359752	C	A	A	0.0363	0	0	0.0363	0	0	0	0	0
5	14768092	C	G	C	0.0505	0	0	0	0.0505	0	0	0	0
13	33691171	T	A	T	0.0234	0	0	0	0.0234	0	0	0	0
10	114747513	C	G	G	0.2149	0.2149	0	0	0	0	0	0	0
15	38828140	G	T	T	0.0359	0.0359	0	0	0	0	0	0	0
16	1248374	G	C	C	0.0254	0	0	0.0254	0	0	0	0	0
3	185549134	A	T	A	0.0448	0.0448	0	0	0	0	0	0	0
6	41162891	T	C	C	0.0181	0	0	0	0.0181	0	0	0	0
10	94278685	G	A	A	0.0806	0	0	0	0.0806	0	0	0	0
5	52085403	T	C	T	0.0305	0	0	0	0.0305	0	0	0	0
9	14130239	C	T	T	0.0298	0.0298	0	0	0	0	0	0	0
16	73097029	G	A	G	0.0285	0	0.0285	0	0	0	0	0	0
3	124921457	C	T	T	0.0314	0	0	0	0	0	0.0314	0	0
10	71332301	C	T	T	0.0626	0.0626	0	0	0	0	0	0	0
9	16656909	A	C	C	0.0352	0.0352	0	0	0	0	0	0	0
1	36758061	C	T	T	0.0234	0	0	0.0234	0	0	0	0	0
20	39832628	T	C	C	0.0359	0.0359	0	0	0	0	0	0	0
8	118184783	C	T	C	0.0998	0	0	0	0	0	0.0998	0	0
4	121762403	T	C	C	0.0259	0	0	0	0.0259	0	0	0	0
6	105034951	C	T	T	0.0285	0	0	0.0285	0	0	0	0	0
5	67714246	A	G	G	0.0282	0	0	0	0	0	0	0.0282	0
10	71446231	T	A	A	0.0359	0	0	0	0.0359	0	0	0	0
16	49048190	T	C	C	0.0193	0	0	0	0.0193	0	0	0	0
6	38953335	C	A	C	0.0305	0	0	0	0.0305	0	0	0	0
9	4248138	T	C	T	0.1086	0	0	0	0	0.1086	0	0	0
13	110426871	T	C	T	0.0185	0.0185	0	0	0	0	0	0	0
14	30070659	C	A	A	0.0217	0.0217	0	0	0	0	0	0	0
6	131927007	C	G	G	0.0327	0	0.0327	0	0	0	0	0	0
18	77156537	C	G	C	0.0203	0	0.0203	0	0	0	0	0	0
6	7315840	A	G	A	0.0241	0	0	0	0.0241	0	0	0	0
10	94439041	G	A	A	0.3025	0	0	0	0.3025	0	0	0	0
11	76156973	G	A	G	0.0258	0	0	0	0.0258	0	0	0	0
17	73754806	A	G	G	0.0202	0	0	0	0.0202	0	0	0	0
18	40702833	T	C	T	0.0189	0	0.0189	0	0	0	0	0	0
18	56876430	G	T	G	0.0341	0	0.0341	0	0	0	0	0	0
8	145173169	A	G	A	0.0728	0	0	0	0.0728	0	0	0	0
13	80586038	A	G	A	0.0644	0	0.0644	0	0	0	0	0	0
5	38032494	G	A	G	0.0358	0	0	0	0.0358	0	0	0	0
10	71456311	T	C	T	0.02	0	0	0	0.02	0	0	0	0
21	42583804	G	C	G	0.0263	0	0	0	0.0263	0	0	0	0
13	26776999	A	G	A	0.0524	0	0	0	0	0	0.0524	0	0
9	33658383	G	C	G	0.0348	0	0	0	0.0348	0	0	0	0
1	6673780	C	G	G	0.0298	0	0.0298	0	0	0	0	0	0
12	27812337	G	A	G	0.0311	0.0311	0	0	0	0	0	0	0
1	33303114	C	T	C	0.0191	0	0.0191	0	0	0	0	0	0
4	4990298	A	G	A	0.0228	0	0	0	0	0	0	0.0228	0
1	177889025	A	C	C	0.0432	0	0.0432	0	0	0	0	0	0
2	149568396	C	T	C	0.0159	0	0	0	0.0159	0	0	0	0
6	38135730	A	G	G	0.0387	0.0387	0	0	0	0	0	0	0
11	64031241	C	T	T	0.0474	0	0	0	0	0	0	0.0474	0
14	101531854	A	G	A	0.0338	0	0.0338	0	0	0	0	0	0
19	50012574	G	A	G	0.0308	0.0308	0	0	0	0	0	0	0
1	117532790	C	T	C	0.0384	0	0	0	0.0384	0	0	0	0
1	64107284	C	T	C	0.036	0	0	0	0	0.036	0	0	0
6	166219191	T	C	C	0.0811	0	0	0	0.0811	0	0	0	0
17	21279289	C	T	C	0.022	0.022	0	0	0	0	0	0	0
1	183004334	A	G	G	0.0175	0.0175	0	0	0	0	0	0	0
10	64914467	A	G	G	0.0278	0	0	0	0.0278	0	0	0	0
9	95444800	A	G	G	0.0227	0	0	0.0227	0	0	0	0	0
3	53127677	G	T	T	0.0221	0	0	0.0221	0	0	0	0	0
6	39069291	T	C	C	0.0322	0.0322	0	0	0	0	0	0	0
2	161144079	T	C	T	0.046	0.046	0	0	0	0	0	0	0
22	46314952	T	C	C	0.0303	0	0	0	0.0303	0	0	0	0
19	7226190	G	A	G	0.0233	0	0	0.0233	0	0	0	0	0
3	63897215	C	T	C	0.0513	0.0513	0	0	0	0	0	0	0
4	144442252	A	G	A	0.0196	0.0196	0	0	0	0	0	0	0
12	63010358	A	G	G	0.022	0.022	0	0	0	0	0	0	0
20	42302201	C	T	T	0.0296	0	0	0.0296	0	0	0	0	0
18	36278709	T	C	C	0.0212	0	0.0212	0	0	0	0	0	0
7	12267495	G	C	C	0.0184	0	0	0.0184	0	0	0	0	0
6	39339561	G	A	A	0.0176	0	0	0	0.0176	0	0	0	0
7	126725677	A	C	C	0.3301	0	0	0	0.3301	0	0	0	0
1	98886596	C	T	C	0.0221	0	0	0	0	0.0221	0	0	0
16	53828037	C	T	C	0.0407	0	0.0407	0	0	0	0	0	0
14	77379704	A	G	G	0.0283	0	0	0	0.0283	0	0	0	0
11	128389391	C	T	T	0.0368	0.0368	0	0	0	0	0	0	0
5	14768766	C	T	T	0.0853	0	0	0	0.0853	0	0	0	0
12	71656547	T	C	T	0.0249	0	0	0.0249	0	0	0	0	0
6	53639763	A	G	G	0.0189	0	0	0.0189	0	0	0	0	0
1	84327214	G	A	A	0.0206	0	0.0206	0	0	0	0	0	0
7	15913588	A	C	A	0.0189	0	0	0.0189	0	0	0	0	0
3	35659344	T	G	G	0.022	0	0.022	0	0	0	0	0	0
6	32581922	C	T	T	0.0374	0	0	0.0374	0	0	0	0	0
19	18812024	A	G	A	0.0295	0	0.0295	0	0	0	0	0	0
16	53454855	G	T	G	0.0582	0	0	0.0582	0	0	0	0	0
20	48832020	T	C	T	0.0391	0	0	0	0	0	0.0391	0	0
7	127902159	C	T	C	0.006	0.006	0	0	0	0	0	0	0
2	111888043	G	A	G	0.0485	0	0	0.0485	0	0	0	0	0
18	58028972	G	T	G	0.104	0	0.104	0	0	0	0	0	0
18	42326974	A	C	C	0.0162	0	0	0	0.0162	0	0	0	0
2	169754846	T	C	C	0.0164	0	0	0	0.0164	0	0	0	0
10	114828594	T	C	T	0.0862	0	0	0	0.0862	0	0	0	0
11	2684662	G	A	G	0.1729	0	0	0	0.1729	0	0	0	0
3	123065778	A	G	A	0.0812	0	0	0	0	0	0.0812	0	0
14	24878370	C	T	C	0.0451	0	0	0	0.0451	0	0	0	0
6	64191578	A	T	T	0.0193	0	0	0	0.0193	0	0	0	0
11	8255408	C	A	C	0.0257	0	0	0	0.0257	0	0	0	0
15	93832067	G	A	G	0.0399	0	0	0	0.0399	0	0	0	0
6	28134368	A	G	A	0.0306	0	0	0.0306	0	0	0	0	0
12	57362345	T	G	G	0.0239	0	0	0	0.0239	0	0	0	0
12	10875928	A	C	A	0.0439	0	0	0	0.0439	0	0	0	0
1	214223408	T	C	T	0.0768	0	0	0	0.0768	0	0	0	0
5	111285955	C	G	G	0.0215	0	0.0215	0	0	0	0	0	0
8	95960947	A	G	A	0.0382	0.0382	0	0	0	0	0	0	0
9	129425745	G	A	G	0.0232	0.0232	0	0	0	0	0	0	0
2	60285100	T	C	C	0.0222	0	0.0222	0	0	0	0	0	0
6	118011723	C	T	C	0.0403	0	0	0	0.0403	0	0	0	0
9	129460727	G	A	A	0.0259	0	0.0259	0	0	0	0	0	0
6	40409243	T	C	T	0.0291	0	0.0291	0	0	0	0	0	0
22	29369398	A	C	C	0.018	0.018	0	0	0	0	0	0	0
14	101239087	G	A	G	0.0019	0	0	0	0.0019	0	0	0	0
7	127200646	T	C	C	0.218	0.218	0	0	0	0	0	0	0
2	158390468	T	C	T	0.0519	0	0	0.0519	0	0	0	0	0
2	234191103	T	A	A	0.2485	0	0	0	0.2485	0	0	0	0
11	47811933	A	G	A	0.0201	0	0.0201	0	0	0	0	0	0
10	44043354	T	A	A	0.0178	0.0178	0	0	0	0	0	0	0
17	17751478	A	G	A	0.0254	0	0	0.0254	0	0	0	0	0
16	4361138	T	C	C	0.0216	0	0	0	0.0216	0	0	0	0
10	70378139	C	A	C	0.0272	0.0272	0	0	0	0	0	0	0
5	55861894	G	A	A	0.0537	0	0	0	0	0	0	0.0537	0
8	13508312	A	G	A	0.0197	0	0	0	0.0197	0	0	0	0
12	26273088	C	G	G	0.0164	0	0	0.0164	0	0	0	0	0
8	144506133	G	C	C	0.0224	0	0	0	0	0.0224	0	0	0
2	147920213	T	C	C	0.0216	0	0.0216	0	0	0	0	0	0
9	35767753	G	A	G	0.0246	0	0	0	0.0246	0	0	0	0
10	64950110	C	T	C	0.0617	0.0617	0	0	0	0	0	0	0
11	2834461	C	A	A	0.2124	0	0	0	0.2124	0	0	0	0
18	50840102	A	C	A	0.0189	0	0.0189	0	0	0	0	0	0
5	102346866	C	G	G	0.1171	0	0	0	0	0.1171	0	0	0
18	7076836	C	T	T	0.0317	0	0	0.0317	0	0	0	0	0
6	7254957	G	A	A	0.0324	0	0	0	0.0324	0	0	0	0
19	46214684	G	A	A	0.0528	0.0528	0	0	0	0	0	0	0
3	185462028	A	G	G	0.0938	0	0	0	0.0938	0	0	0	0
6	20607724	A	G	G	0.106	0	0	0	0	0	0.106	0	0
14	35455979	G	A	A	0.0187	0	0	0	0.0187	0	0	0	0
5	86520965	T	A	A	0.0205	0	0	0	0.0205	0	0	0	0
12	133069698	G	A	A	0.0415	0.0415	0	0	0	0	0	0	0
22	50356302	C	T	C	0.036	0	0	0	0	0.036	0	0	0
10	13568857	T	C	C	0.0248	0	0.0248	0	0	0	0	0	0
2	153573528	C	T	T	0.0194	0.0194	0	0	0	0	0	0	0
17	36030408	A	C	A	0.037	0	0	0	0.037	0	0	0	0
7	77044764	T	G	T	0.0186	0	0.0186	0	0	0	0	0	0
1	147101355	T	C	T	0.0929	0	0	0	0.0929	0	0	0	0
4	102172843	C	G	G	0.0239	0.0239	0	0	0	0	0	0	0
4	77057822	C	A	A	0.0231	0	0	0	0.0231	0	0	0	0
11	2197286	A	G	A	0.0687	0	0.0687	0	0	0	0	0	0
12	20262545	G	A	A	0.0736	0.0736	0	0	0	0	0	0	0
16	88554480	T	C	C	0.03	0	0	0	0.03	0	0	0	0
10	94155499	C	T	C	0.0368	0	0	0	0.0368	0	0	0	0
8	123801257	T	C	T	0.0181	0	0	0	0	0.0181	0	0	0
7	117510621	C	T	T	0.0244	0.0244	0	0	0	0	0	0	0
1	219742537	C	T	C	0.0413	0	0	0	0	0	0	0.0413	0
7	23432286	A	T	T	0.0315	0	0	0	0	0.0315	0	0	0
9	22136440	G	C	C	0.08	0	0	0	0	0.08	0	0	0
4	85339618	T	C	T	0.1745	0	0	0	0.1745	0	0	0	0
15	64097938	C	T	C	0.0318	0	0	0.0318	0	0	0	0	0
4	118992195	G	C	G	0.0178	0	0	0	0.0178	0	0	0	0
16	53427421	C	T	T	0.0752	0	0	0	0.0752	0	0	0	0
3	12329783	C	T	C	0.0935	0	0	0	0	0	0	0.0935	0
11	2911047	A	G	A	0.1052	0	0	0	0.1052	0	0	0	0
3	70485215	C	G	G	0.0246	0	0.0246	0	0	0	0	0	0
16	28915527	G	A	G	0.026	0	0.026	0	0	0	0	0	0
10	121574535	G	A	A	0.034	0.034	0	0	0	0	0	0	0
2	166613243	G	T	T	0.0244	0.0244	0	0	0	0	0	0	0
5	137434493	C	T	T	0.0202	0	0	0	0.0202	0	0	0	0
16	3583173	C	T	T	0.035	0	0.035	0	0	0	0	0	0
6	76433638	G	A	G	0.0268	0.0268	0	0	0	0	0	0	0
19	33889593	A	G	A	0.0368	0	0	0	0	0	0	0.0368	0
7	41356123	C	T	C	0.0219	0	0.0219	0	0	0	0	0	0
2	218866486	C	T	C	0.0625	0	0	0	0.0625	0	0	0	0
18	60845884	T	C	T	0.0354	0	0	0.0354	0	0	0	0	0
15	90407119	C	T	C	0.0555	0	0	0	0	0	0.0555	0	0
7	45564142	G	C	G	0.0811	0	0	0	0	0.0811	0	0	0
8	12618225	T	A	A	0.0291	0	0	0.0291	0	0	0	0	0
7	51023321	C	T	C	0.0564	0	0	0	0.0564	0	0	0	0
18	73501475	C	G	C	0.0193	0	0.0193	0	0	0	0	0	0
7	26569130	G	T	G	0.0202	0.0202	0	0	0	0	0	0	0
6	50788778	A	C	C	0.0466	0	0.0466	0	0	0	0	0	0
17	37746307	T	C	T	0.0248	0.0248	0	0	0	0	0	0	0
5	53503097	A	T	T	0.0498	0	0	0.0498	0	0	0	0	0
11	69457547	C	T	T	0.0463	0	0	0	0.0463	0	0	0	0
10	114756459	G	A	G	0.1067	0.1067	0	0	0	0	0	0	0
3	77671721	C	A	C	0.0245	0.0245	0	0	0	0	0	0	0
1	117910682	G	A	A	0.0189	0	0.0189	0	0	0	0	0	0
6	34209281	T	A	T	0.0825	0	0	0.0825	0	0	0	0	0
16	86459737	C	G	C	0.0205	0.0205	0	0	0	0	0	0	0
19	3184010	C	G	C	0.0411	0	0	0	0.0411	0	0	0	0
20	42984363	G	C	C	0.217	0.217	0	0	0	0	0	0	0
4	45075511	C	T	T	0.0568	0	0.0568	0	0	0	0	0	0
4	185774870	A	G	G	0.0132	0	0	0	0.0132	0	0	0	0
12	57848708	C	G	C	0.022	0	0	0.022	0	0	0	0	0
16	3330179	C	T	T	0.0211	0	0	0	0.0211	0	0	0	0
10	12181762	G	A	G	0.0201	0	0	0	0.0201	0	0	0	0
11	2857024	G	C	G	0.0933	0.0933	0	0	0	0	0	0	0
4	48880627	C	G	C	0.0206	0	0.0206	0	0	0	0	0	0
9	21167181	T	C	C	0.0245	0	0	0	0.0245	0	0	0	0
5	49912344	T	C	C	0.0803	0	0	0	0.0803	0	0	0	0
8	138215488	T	G	T	0.0299	0	0	0	0.0299	0	0	0	0
19	7186333	C	T	C	0.0202	0	0	0.0202	0	0	0	0	0
3	63832102	A	G	G	0.019	0.019	0	0	0	0	0	0	0
16	81609553	G	A	A	0.0206	0	0	0.0206	0	0	0	0	0
12	132481274	C	T	T	0.0306	0	0	0	0.0306	0	0	0	0
6	20808263	A	G	G	0.1118	0	0	0	0.1118	0	0	0	0
2	45192080	G	C	C	0.003	0	0	0	0	0	0.003	0	0
9	131133347	A	T	T	0.0223	0.0223	0	0	0	0	0	0	0
11	92708710	C	G	G	0.0765	0	0	0	0	0	0.0765	0	0
17	27648435	C	G	C	0.0223	0	0	0	0	0	0.0223	0	0
18	53428347	C	T	T	0.0282	0.0282	0	0	0	0	0	0	0
6	36618821	C	T	C	0.0199	0	0	0.0199	0	0	0	0	0
11	46977160	C	T	C	0.0377	0	0	0	0	0	0.0377	0	0
17	36088329	G	A	G	0.0281	0.0281	0	0	0	0	0	0	0
7	156962874	G	A	G	0.0496	0	0	0	0.0496	0	0	0	0
11	69475628	G	C	G	0.0875	0.0875	0	0	0	0	0	0	0
19	45354044	T	G	G	0.0279	0	0	0	0.0279	0	0	0	0
9	34074476	T	C	C	0.0319	0	0.0319	0	0	0	0	0	0
2	27198666	G	A	G	0.0557	0	0	0	0.0557	0	0	0	0
6	43814190	C	T	C	0.0346	0	0	0	0	0	0.0346	0	0
3	43902494	G	C	G	0.0198	0	0.0198	0	0	0	0	0	0
15	35935113	A	C	A	0.0139	0	0.0139	0	0	0	0	0	0
19	13038415	G	A	A	0.0347	0	0	0.0347	0	0	0	0	0
17	78757626	A	G	A	0.025	0	0.025	0	0	0	0	0	0
12	69973392	T	C	C	0.0189	0	0	0	0.0189	0	0	0	0
12	133361224	A	G	A	0.0235	0	0.0235	0	0	0	0	0	0
1	179248952	A	G	G	0.0215	0.0215	0	0	0	0	0	0	0
17	71006512	A	C	C	0.0279	0	0	0	0.0279	0	0	0	0
10	23578177	C	T	T	0.1007	0	0	0	0.1007	0	0	0	0
10	114836181	A	G	G	0.1523	0	0	0	0	0	0.1523	0	0
6	126116953	A	G	G	0.0179	0	0.0179	0	0	0	0	0	0
6	32752913	A	T	T	0.0168	0	0	0.0168	0	0	0	0	0
7	44255643	G	A	A	0.0474	0	0	0	0	0	0.0474	0	0
22	38600595	A	T	T	0.0206	0	0	0	0	0	0	0.0206	0
11	2164990	G	A	G	0.0518	0	0	0	0.0518	0	0	0	0
8	118026341	A	G	A	0.0651	0	0	0	0	0	0.0651	0	0
12	121604314	A	G	G	0.023	0	0	0	0.023	0	0	0	0
17	3980551	C	A	A	0.0948	0	0	0	0.0948	0	0	0	0
11	92978858	A	G	G	0.0547	0	0	0	0.0547	0	0	0	0
6	138773071	G	C	C	0.0256	0	0	0	0.0256	0	0	0	0
16	54370634	T	C	C	0.0368	0	0	0	0.0368	0	0	0	0
11	34905847	T	A	T	0.0246	0.0246	0	0	0	0	0	0	0
6	137672375	G	C	G	0.0203	0	0	0	0.0203	0	0	0	0
12	118412373	G	A	A	0.0473	0	0	0	0.0473	0	0	0	0
6	31491720	A	G	G	0.0069	0	0	0.0069	0	0	0	0	0
13	66204880	T	C	T	0.0212	0	0.0212	0	0	0	0	0	0
10	34000712	G	A	A	0.0293	0	0.0293	0	0	0	0	0	0
1	200197538	A	G	A	0.0232	0.0232	0	0	0	0	0	0	0
6	137291296	T	G	T	0.0384	0	0	0	0	0.0384	0	0	0
2	160674656	C	A	C	0.0144	0.0144	0	0	0	0	0	0	0
12	61241140	A	G	A	0.0217	0	0.0217	0	0	0	0	0	0
17	46178674	G	A	A	0.0295	0	0	0.0295	0	0	0	0	0
18	31694567	C	T	T	0.0193	0	0.0193	0	0	0	0	0	0
7	149180500	T	C	T	0.0232	0.0232	0	0	0	0	0	0	0
6	43758873	G	A	A	0.033	0	0	0	0	0	0	0.033	0
7	76558271	G	A	G	0.0281	0	0.0281	0	0	0	0	0	0
5	66287883	A	G	A	0.0177	0	0	0	0.0177	0	0	0	0
12	4406836	C	A	A	0.0346	0	0	0	0.0346	0	0	0	0
13	109927086	C	T	T	0.0242	0	0	0	0.0242	0	0	0	0
7	13985466	A	T	A	0.0367	0.0367	0	0	0	0	0	0	0
7	129395751	A	G	A	0.0157	0.0157	0	0	0	0	0	0	0
13	33593270	T	C	T	0.0367	0	0	0	0.0367	0	0	0	0
8	88301558	G	A	A	0.0167	0.0167	0	0	0	0	0	0	0
22	44324730	C	T	T	0.0349	0	0	0	0	0	0	0	0.0349
15	67019975	A	T	T	0.0269	0	0	0	0.0269	0	0	0	0
20	42994812	T	C	C	0.0673	0	0	0	0	0.0673	0	0	0
19	22100706	A	G	A	0.239	0	0	0	0.239	0	0	0	0
10	125235747	A	G	A	0.0137	0.0137	0	0	0	0	0	0	0
11	2238751	G	T	T	0.1922	0	0	0	0.1922	0	0	0	0
7	50698549	A	G	A	0.0216	0.0216	0	0	0	0	0	0	0
4	1264513	C	T	T	0.0727	0	0	0	0.0727	0	0	0	0
3	170705693	A	G	A	0.0464	0	0	0	0	0.0464	0	0	0
6	34190449	C	T	T	0.0492	0	0	0	0	0	0	0.0492	0
3	12841804	A	G	A	0.02	0.02	0	0	0	0	0	0	0
12	27962103	C	T	C	0.0655	0	0	0	0	0	0.0655	0	0
12	4384844	T	G	T	0.4638	0	0	0.4638	0	0	0	0	0
9	81324935	G	C	G	0.0209	0	0.0209	0	0	0	0	0	0
1	177915778	A	G	A	0.02	0	0.02	0	0	0	0	0	0
8	76676187	T	C	C	0.0208	0	0.0208	0	0	0	0	0	0
2	203418537	G	A	A	0.0344	0.0344	0	0	0	0	0	0	0
2	27325837	T	A	T	0.0194	0.0194	0	0	0	0	0	0	0
12	97848910	C	G	C	0.0319	0	0	0	0	0	0.0319	0	0
1	184014593	G	C	C	0.0273	0	0.0273	0	0	0	0	0	0
12	121363506	A	G	G	0.204	0	0	0	0	0	0.204	0	0
3	12497594	C	T	T	0.0225	0	0	0.0225	0	0	0	0	0
14	47296764	C	T	C	0.0198	0	0.0198	0	0	0	0	0	0
11	43876435	A	G	G	0.0253	0	0.0253	0	0	0	0	0	0
3	185261358	C	T	T	0.0127	0	0	0	0.0127	0	0	0	0
1	214029578	C	G	G	0.0433	0	0	0	0.0433	0	0	0	0
16	53843623	G	A	A	0.1119	0	0.1119	0	0	0	0	0	0
5	77380723	G	T	G	0.0224	0	0.0224	0	0	0	0	0	0
19	13159859	C	G	G	0.0451	0.0451	0	0	0	0	0	0	0
5	133864599	G	A	A	0.0309	0	0	0	0	0	0.0309	0	0
6	20466995	T	C	T	0.018	0	0	0	0.018	0	0	0	0
1	213160826	G	A	A	0.0192	0.0192	0	0	0	0	0	0	0
6	39288316	G	A	G	0.1145	0	0	0	0	0.1145	0	0	0
18	74582340	T	C	C	0.0299	0	0	0	0	0.0299	0	0	0
20	43246549	C	A	A	0.0241	0	0	0	0.0241	0	0	0	0
6	140007877	T	C	C	0.0249	0.0249	0	0	0	0	0	0	0
7	156801700	G	T	G	0.0661	0	0	0	0.0661	0	0	0	0
7	28194397	C	A	C	0.0736	0	0	0.0736	0	0	0	0	0
11	49477266	T	C	T	0.0382	0	0.0382	0	0	0	0	0	0
5	132395537	T	G	T	0.0231	0	0	0.0231	0	0	0	0	0
5	57730132	C	T	C	0.0185	0	0	0	0.0185	0	0	0	0
14	99700080	C	T	C	0.0205	0	0.0205	0	0	0	0	0	0
2	60586707	C	G	G	0.0526	0	0	0	0	0	0.0526	0	0
8	38351310	G	A	G	0.0193	0	0	0	0.0193	0	0	0	0
9	117187569	G	T	G	0.0236	0	0.0236	0	0	0	0	0	0
4	185713608	G	A	G	0.0596	0	0	0	0	0	0.0596	0	0
15	38024821	C	A	C	0.0216	0	0	0	0.0216	0	0	0	0
4	129173123	C	T	T	0.0219	0	0	0	0.0219	0	0	0	0
4	53207093	C	T	T	0.037	0	0.037	0	0	0	0	0	0
4	18957245	G	C	C	0.0099	0	0	0	0.0099	0	0	0	0
3	168218872	T	C	T	0.0243	0	0	0	0	0.0243	0	0	0
7	25952059	G	A	A	0.0267	0	0	0.0267	0	0	0	0	0
3	171800256	A	G	G	0.0208	0	0	0	0	0	0.0208	0	0
4	89732876	C	G	G	0.028	0	0	0	0	0	0	0.028	0
9	139505720	C	T	C	0.0305	0	0	0	0.0305	0	0	0	0
10	94494460	C	T	C	0.0985	0.0985	0	0	0	0	0	0	0
12	17212881	G	A	G	0.0178	0	0.0178	0	0	0	0	0	0
11	2741327	C	T	C	0.0113	0.0113	0	0	0	0	0	0	0
1	46248645	C	T	T	0.0266	0	0	0	0.0266	0	0	0	0
4	157704459	A	G	A	0.0328	0	0	0	0	0	0	0.0328	0
18	2846812	A	T	A	0.0224	0	0	0	0	0	0	0.0224	0
4	137083193	A	C	A	0.0176	0	0.0176	0	0	0	0	0	0
17	65825354	C	T	T	0.0385	0	0.0385	0	0	0	0	0	0
16	20255123	T	C	T	0.0279	0	0.0279	0	0	0	0	0	0
17	60636826	G	A	G	0.0223	0	0	0.0223	0	0	0	0	0
5	87938557	T	A	A	0.0345	0	0.0345	0	0	0	0	0	0
19	12509536	C	A	A	0.0326	0	0	0	0.0326	0	0	0	0
14	77848618	G	C	G	0.018	0	0	0	0.018	0	0	0	0
11	128235252	C	A	C	0.0345	0.0345	0	0	0	0	0	0	0
6	53125700	G	C	C	0.0196	0.0196	0	0	0	0	0	0	0
2	158848804	G	A	A	0.0192	0	0	0	0.0192	0	0	0	0
11	92669186	G	A	A	0.0523	0	0	0	0	0	0.0523	0	0
2	8630749	G	A	G	0.0488	0	0	0	0	0.0488	0	0	0
12	108629780	G	A	G	0.0427	0	0.0427	0	0	0	0	0	0
3	152530027	C	T	C	0.0441	0	0	0	0.0441	0	0	0	0
1	200298191	C	T	T	0.0247	0.0247	0	0	0	0	0	0	0
6	163048380	A	G	A	0.0357	0	0.0357	0	0	0	0	0	0
4	18015156	T	A	T	0.0274	0.0274	0	0	0	0	0	0	0
11	112913053	C	A	C	0.0254	0.0254	0	0	0	0	0	0	0
15	40633138	A	T	A	0.049	0.049	0	0	0	0	0	0	0
16	4445327	C	T	C	0.0207	0	0	0.0207	0	0	0	0	0
6	35259397	C	T	C	0.0966	0	0	0.0966	0	0	0	0	0
2	165269631	C	T	C	0.1787	0	0	0	0.1787	0	0	0	0
19	1646712	C	T	T	0.0308	0.0308	0	0	0	0	0	0	0
3	64708114	C	T	C	0.0331	0	0	0	0	0	0	0.0331	0
11	75450576	T	C	C	0.0247	0	0	0	0.0247	0	0	0	0
15	95270905	G	A	G	0.018	0	0.018	0	0	0	0	0	0
7	73042443	T	C	C	0.0264	0	0	0	0.0264	0	0	0	0
6	33552707	A	C	A	0.0282	0.0282	0	0	0	0	0	0	0
2	25569823	A	G	A	0.0281	0	0	0.0281	0	0	0	0	0
20	31028723	A	G	G	0.0699	0	0.0699	0	0	0	0	0	0
10	77244336	T	A	T	0.0353	0	0	0	0.0353	0	0	0	0
17	36043653	T	C	C	0.0243	0	0	0	0.0243	0	0	0	0
9	20815907	T	C	C	0.0244	0	0	0	0.0244	0	0	0	0
8	9183358	A	G	A	0.0476	0	0	0	0	0	0	0.0476	0
7	73432630	A	G	A	0.0194	0.0194	0	0	0	0	0	0	0
10	80447547	T	G	T	0.0455	0	0	0	0.0455	0	0	0	0
10	49370090	A	G	G	0.02	0	0	0	0.02	0	0	0	0
19	7293560	C	T	C	0.048	0	0	0.048	0	0	0	0	0
2	219187603	C	A	C	0.0186	0	0	0.0186	0	0	0	0	0
15	46476157	A	G	G	0.0197	0	0.0197	0	0	0	0	0	0
7	55821556	T	C	C	0.0267	0.0267	0	0	0	0	0	0	0
10	105033742	A	G	A	0.0197	0	0	0.0197	0	0	0	0	0
4	103725894	G	A	G	0.0227	0	0	0	0.0227	0	0	0	0
1	62579891	G	T	G	0.0477	0	0.0477	0	0	0	0	0	0
8	72419498	T	G	G	0.037	0	0	0.037	0	0	0	0	0
5	55807960	T	C	C	0.0456	0	0	0	0.0456	0	0	0	0
2	161914168	G	A	G	0.02	0	0	0	0.02	0	0	0	0
9	107734714	A	G	G	0.0273	0	0	0.0273	0	0	0	0	0
8	126645810	T	C	C	0.0175	0	0	0.0175	0	0	0	0	0
8	9278574	G	T	T	0.0423	0	0	0	0.0423	0	0	0	0
9	19074538	A	G	G	0.0237	0	0	0	0	0.0237	0	0	0
4	95099194	G	A	G	0.0136	0	0	0	0.0136	0	0	0	0
19	5036730	G	A	A	0.0274	0	0	0.0274	0	0	0	0	0
11	30340725	G	A	G	0.0218	0	0.0218	0	0	0	0	0	0
1	95963173	A	G	G	0.0186	0	0	0	0.0186	0	0	0	0
2	120231070	C	G	C	0.1285	0.1285	0	0	0	0	0	0	0
6	164133001	C	T	C	0.0439	0	0	0	0	0	0	0.0439	0
4	76511655	A	T	T	0.0247	0	0	0	0.0247	0	0	0	0
12	46298435	T	C	T	0.0127	0.0127	0	0	0	0	0	0	0
2	67621067	T	C	T	0.0233	0.0233	0	0	0	0	0	0	0
6	143020752	G	A	A	0.027	0	0	0	0	0.027	0	0	0
11	65576803	T	C	T	0.0658	0	0.0658	0	0	0	0	0	0
3	123018963	A	G	A	0.0219	0.0219	0	0	0	0	0	0	0
22	41549297	A	G	G	0.0222	0.0222	0	0	0	0	0	0	0
10	114871695	G	A	A	0.1448	0	0	0	0.1448	0	0	0	0
4	25408838	G	A	G	0.032	0	0.032	0	0	0	0	0	0
4	153520475	C	T	C	0.0507	0	0	0	0	0.0507	0	0	0
6	32373378	A	T	T	0.0824	0	0	0	0	0.0824	0	0	0
11	2884310	C	A	A	0.0333	0	0	0	0.0333	0	0	0	0
16	75246035	G	C	G	0.1158	0	0	0.1158	0	0	0	0	0
5	158001136	G	A	A	0.0367	0	0	0	0	0	0	0.0367	0
13	26802799	T	C	C	0.0338	0	0	0	0.0338	0	0	0	0
8	143138709	C	T	C	0.0191	0.0191	0	0	0	0	0	0	0
11	2639985	T	C	C	0.0303	0.0303	0	0	0	0	0	0	0
1	26438933	T	C	T	0.0314	0.0314	0	0	0	0	0	0	0
6	163885951	T	A	A	0.0226	0.0226	0	0	0	0	0	0	0
12	124513777	T	G	T	0.0378	0	0	0	0	0	0	0.0378	0
14	33303540	C	T	T	0.032	0	0.032	0	0	0	0	0	0
19	41871791	C	T	C	0.0425	0	0	0	0	0	0.0425	0	0
14	89556247	G	T	T	0.0458	0	0	0	0	0	0.0458	0	0
10	114770644	G	A	A	0.2358	0	0	0.2358	0	0	0	0	0
13	33554302	G	A	G	0.0523	0	0	0	0	0	0.0523	0	0
5	176726635	G	A	G	0.0314	0	0	0	0.0314	0	0	0	0
7	69701965	A	G	G	0.0429	0.0429	0	0	0	0	0	0	0
9	22134094	T	C	T	0.1475	0	0	0	0	0	0.1475	0	0
14	50655357	G	C	G	0.1497	0	0	0.1497	0	0	0	0	0
3	58290358	T	C	C	0.0264	0	0	0	0.0264	0	0	0	0
12	6712980	G	A	A	0.0304	0	0	0	0.0304	0	0	0	0
11	28507389	T	G	G	0.021	0	0	0	0	0.021	0	0	0
22	50620508	C	T	T	0.0315	0	0	0	0.0315	0	0	0	0
12	121279083	G	A	G	0.0179	0	0	0	0	0.0179	0	0	0
2	166177380	C	G	G	0.0184	0.0184	0	0	0	0	0	0	0
12	66426835	T	C	T	0.0199	0	0	0.0199	0	0	0	0	0
6	140320908	C	T	C	0.0264	0.0264	0	0	0	0	0	0	0
2	5831932	G	C	G	0.0267	0.0267	0	0	0	0	0	0	0
10	23478634	C	T	C	0.0214	0	0	0	0.0214	0	0	0	0
16	89786761	C	T	T	0.0262	0.0262	0	0	0	0	0	0	0
13	59197536	T	C	C	0.0182	0	0.0182	0	0	0	0	0	0
16	81534790	T	C	T	0.0387	0	0	0	0	0	0	0.0387	0
3	57765862	T	C	T	0.0192	0.0192	0	0	0	0	0	0	0
9	22057530	A	C	C	0.045	0	0	0	0.045	0	0	0	0
10	114815454	C	T	T	0.2273	0	0	0	0	0	0.2273	0	0
8	41227207	A	G	G	0.0262	0	0	0	0.0262	0	0	0	0
3	72865183	C	T	C	0.0596	0	0	0	0	0	0.0596	0	0
19	19795560	C	A	A	0.0143	0	0	0.0143	0	0	0	0	0
10	114758349	C	T	T	0.2679	0	0	0	0	0	0.2679	0	0
8	10199548	G	A	G	0.0249	0	0.0249	0	0	0	0	0	0
7	74134911	T	C	C	0.031	0	0	0	0.031	0	0	0	0
9	22129902	T	G	G	0.1363	0	0	0	0.1363	0	0	0	0
5	102338739	C	G	G	0.3116	0.3116	0	0	0	0	0	0	0
2	422144	T	C	T	0.0767	0	0.0767	0	0	0	0	0	0
2	43423870	G	A	A	0.0236	0	0	0	0	0	0.0236	0	0
17	40706273	C	A	A	0.0338	0	0.0338	0	0	0	0	0	0
1	58255182	C	G	G	0.0296	0	0	0	0.0296	0	0	0	0
20	57607363	C	T	C	0.1658	0	0.1658	0	0	0	0	0	0
14	80170870	A	G	G	0.0225	0	0	0	0.0225	0	0	0	0
3	23562663	A	G	A	0.022	0	0	0.022	0	0	0	0	0
9	16715826	T	C	T	0.0215	0	0.0215	0	0	0	0	0	0
19	1865673	A	G	A	0.0226	0	0.0226	0	0	0	0	0	0
1	211745154	C	G	G	0.0192	0	0	0	0.0192	0	0	0	0
4	96106322	A	G	A	0.0209	0	0.0209	0	0	0	0	0	0
19	20139234	T	A	A	0.0408	0	0	0.0408	0	0	0	0	0
3	152086833	G	T	G	0.0286	0	0	0	0.0286	0	0	0	0
3	183902801	T	C	C	0.0167	0	0	0	0.0167	0	0	0	0
7	28163358	G	T	T	0.0593	0.0593	0	0	0	0	0	0	0
7	127911623	A	G	G	0.0941	0	0	0	0.0941	0	0	0	0
14	79942647	G	A	A	0.0494	0	0.0494	0	0	0	0	0	0
20	50453895	A	G	A	0.019	0	0	0	0.019	0	0	0	0
15	99238661	C	T	C	0.023	0	0.023	0	0	0	0	0	0
20	43049623	G	T	T	0.1854	0	0	0	0	0.1854	0	0	0
18	54578482	C	T	C	0.0247	0	0	0	0.0247	0	0	0	0
17	17342768	C	G	C	0.021	0	0	0	0	0.021	0	0	0
8	121872464	A	C	A	0.0252	0.0252	0	0	0	0	0	0	0
21	40175634	C	T	T	0.0273	0.0273	0	0	0	0	0	0	0
12	4372100	C	T	T	0.0963	0	0	0	0.0963	0	0	0	0
16	337691	C	T	C	0.0331	0	0.0331	0	0	0	0	0	0
8	105585028	C	T	T	0.0312	0.0312	0	0	0	0	0	0	0
15	93925327	G	A	G	0.0253	0	0	0	0.0253	0	0	0	0
6	138855975	T	A	A	0.0268	0	0	0	0.0268	0	0	0	0
12	121630339	G	A	G	0.0838	0	0	0	0	0.0838	0	0	0
6	83473474	G	T	G	0.0187	0	0.0187	0	0	0	0	0	0
1	205024573	C	T	T	0.0294	0.0294	0	0	0	0	0	0	0
14	101270219	C	T	T	0.0497	0	0	0	0.0497	0	0	0	0
17	48164330	C	A	C	0.0262	0	0	0	0.0262	0	0	0	0
12	66216162	G	A	A	0.0694	0.0694	0	0	0	0	0	0	0
3	188070274	T	C	T	0.0363	0	0	0	0	0	0.0363	0	0
9	37084340	A	G	A	0.0205	0	0.0205	0	0	0	0	0	0
20	43042364	C	T	T	0.1025	0	0	0	0	0	0	0.1025	0
7	7211940	G	A	A	0.0263	0	0	0	0.0263	0	0	0	0
18	42948994	T	G	T	0.0242	0	0.0242	0	0	0	0	0	0
2	152166517	T	C	C	0.0175	0	0	0	0	0	0.0175	0	0
7	103420708	T	C	C	0.021	0	0.021	0	0	0	0	0	0
4	171079937	T	C	C	0.0207	0	0.0207	0	0	0	0	0	0
12	53477350	A	G	G	0.0132	0	0	0	0.0132	0	0	0	0
7	84646899	T	A	A	0.0161	0	0	0.0161	0	0	0	0	0
1	214159256	T	C	C	0.0525	0	0	0	0	0	0.0525	0	0
12	41863393	C	T	T	0.0237	0	0.0237	0	0	0	0	0	0
1	205739266	C	T	C	0.0239	0	0.0239	0	0	0	0	0	0
19	46157019	A	G	A	0.0589	0	0	0.0589	0	0	0	0	0
9	22301092	T	A	T	0.0694	0	0	0	0.0694	0	0	0	0
2	228983870	A	G	G	0.0216	0	0.0216	0	0	0	0	0	0
1	150684486	T	C	T	0.1442	0	0	0.1442	0	0	0	0	0
11	69463273	G	A	G	0.0892	0	0	0	0	0	0.0892	0	0
7	150537635	G	A	A	0.0309	0	0	0	0	0	0	0.0309	0
3	195832147	T	C	C	0.0298	0	0	0	0.0298	0	0	0	0
15	76437983	T	G	G	0.0279	0.0279	0	0	0	0	0	0	0
9	133788450	T	C	C	0.0265	0	0.0265	0	0	0	0	0	0
20	43256437	G	A	G	0.0531	0	0	0	0	0.0531	0	0	0
1	65662981	A	G	G	0.0215	0	0	0	0.0215	0	0	0	0
14	38800704	G	A	G	0.0387	0	0	0.0387	0	0	0	0	0
15	40384132	G	A	A	0.0489	0	0	0.0489	0	0	0	0	0
17	66383608	C	T	C	0.0244	0	0	0	0.0244	0	0	0	0
8	73449940	G	A	G	0.017	0	0.017	0	0	0	0	0	0
4	130746149	A	C	A	0.0191	0	0.0191	0	0	0	0	0	0
3	94205768	T	G	G	0.0228	0	0.0228	0	0	0	0	0	0
6	15382518	G	A	A	0.0193	0.0193	0	0	0	0	0	0	0
14	61180657	T	G	T	0.0242	0	0	0	0.0242	0	0	0	0
9	8284965	G	T	T	0.0237	0	0	0	0.0237	0	0	0	0
5	14826193	T	G	T	0.1198	0	0	0	0.1198	0	0	0	0
12	90402908	T	C	T	0.0285	0.0285	0	0	0	0	0	0	0
12	4310220	C	T	T	0.0335	0	0	0	0.0335	0	0	0	0
3	138097537	A	G	A	0.0287	0.0287	0	0	0	0	0	0	0
15	51906987	A	G	A	0.0178	0	0.0178	0	0	0	0	0	0
2	227201709	C	G	C	0.0321	0	0	0	0.0321	0	0	0	0
2	181567192	C	A	A	0.0259	0	0.0259	0	0	0	0	0	0
17	62199136	T	C	C	0.0385	0	0	0	0	0.0385	0	0	0
6	20529054	C	T	T	0.0794	0	0	0.0794	0	0	0	0	0
6	31139452	T	C	C	0.0418	0	0	0.0418	0	0	0	0	0
3	131753688	T	C	C	0.0269	0	0.0269	0	0	0	0	0	0
12	121429194	T	C	C	0.0257	0	0	0	0	0.0257	0	0	0
1	24371508	G	A	G	0.0345	0	0	0	0.0345	0	0	0	0
6	39284184	A	G	G	0.0318	0.0318	0	0	0	0	0	0	0
3	136516860	T	C	C	0.0198	0	0.0198	0	0	0	0	0	0
9	117098650	C	T	C	0.0408	0	0	0	0	0	0	0.0408	0
11	116680418	T	C	T	0.0221	0	0	0.0221	0	0	0	0	0
20	51044117	G	A	A	0.0291	0	0	0.0291	0	0	0	0	0
18	63458281	G	T	T	0.0261	0	0.0261	0	0	0	0	0	0
15	42115747	G	C	C	0.025	0	0	0.025	0	0	0	0	0
20	57461915	G	A	G	0.0102	0.0102	0	0	0	0	0	0	0
13	54107583	G	T	T	0.0422	0	0.0422	0	0	0	0	0	0
8	118141288	C	T	C	0.3446	0	0	0	0.3446	0	0	0	0
1	110470764	G	A	A	0.0286	0.0286	0	0	0	0	0	0	0
5	76435004	G	A	G	0.058	0	0	0	0	0	0.058	0	0
9	111937507	A	T	A	0.0243	0	0.0243	0	0	0	0	0	0
7	156781472	T	C	C	0.1287	0.1287	0	0	0	0	0	0	0
17	80607830	C	A	A	0.0202	0	0	0	0	0.0202	0	0	0
6	20772556	A	G	G	0.1115	0.1115	0	0	0	0	0	0	0
19	47600441	G	A	A	0.03	0	0.03	0	0	0	0	0	0
12	504797	C	T	C	0.0227	0	0	0	0.0227	0	0	0	0
8	122684740	A	C	A	0.0222	0	0	0	0.0222	0	0	0	0
2	165578602	C	T	T	0.046	0	0	0.046	0	0	0	0	0
3	152387723	T	C	T	0.0235	0	0	0	0.0235	0	0	0	0
2	105466005	G	A	A	0.021	0	0.021	0	0	0	0	0	0
13	99109816	T	G	G	0.0191	0	0.0191	0	0	0	0	0	0
12	121517609	C	T	T	0.0636	0	0	0	0.0636	0	0	0	0
7	1888051	G	A	G	0.0394	0	0.0394	0	0	0	0	0	0
12	121186073	G	A	G	0.1376	0.1376	0	0	0	0	0	0	0
12	12871099	T	G	G	0.0328	0.0328	0	0	0	0	0	0	0
14	104246362	T	C	C	0.0318	0	0.0318	0	0	0	0	0	0
3	86910133	C	T	T	0.0218	0.0218	0	0	0	0	0	0	0
10	12390116	C	T	C	0.0329	0.0329	0	0	0	0	0	0	0
6	33802636	A	G	A	0.0205	0.0205	0	0	0	0	0	0	0
11	75897374	T	C	T	0.0211	0.0211	0	0	0	0	0	0	0
10	114873727	G	T	G	0.0206	0	0	0	0.0206	0	0	0	0
18	60982168	T	G	G	0.028	0	0	0	0.028	0	0	0	0
16	69750849	C	T	C	0.0376	0	0.0376	0	0	0	0	0	0
6	130345835	G	A	A	0.0253	0	0	0.0253	0	0	0	0	0
20	61273960	G	A	G	0.0311	0	0	0.0311	0	0	0	0	0
11	32927778	G	T	G	0.0894	0	0.0894	0	0	0	0	0	0
2	44810480	G	A	A	0.0247	0.0247	0	0	0	0	0	0	0
15	66873916	G	T	G	0.0208	0	0	0	0.0208	0	0	0	0
6	51258579	T	C	T	0.024	0	0.024	0	0	0	0	0	0
5	49930286	T	G	T	0.0269	0.0269	0	0	0	0	0	0	0
5	55810305	A	T	T	0.066	0	0	0	0.066	0	0	0	0
5	180224259	G	A	G	0.0275	0.0275	0	0	0	0	0	0	0
10	94336585	C	G	C	0.0708	0	0	0	0.0708	0	0	0	0
19	46409012	A	G	G	0.0204	0.0204	0	0	0	0	0	0	0
4	1784605	G	C	G	0.0476	0	0	0	0	0.0476	0	0	0
1	11301196	C	G	G	0.0262	0	0	0.0262	0	0	0	0	0
6	7231843	G	A	G	0.0744	0	0	0	0.0744	0	0	0	0
21	47772439	G	A	G	0.0271	0	0	0	0.0271	0	0	0	0
12	39416437	C	T	C	0.0224	0	0.0224	0	0	0	0	0	0
10	114842024	C	G	C	0.1144	0	0	0	0	0	0.1144	0	0
1	214284310	A	G	G	0.0407	0	0	0	0	0.0407	0	0	0
5	78507417	A	G	A	0.0289	0.0289	0	0	0	0	0	0	0
2	219699999	G	A	A	0.0722	0	0	0	0	0	0	0.0722	0
12	121257090	T	C	T	0.08	0	0	0	0	0.08	0	0	0
9	22015465	C	A	C	0.0298	0	0	0	0.0298	0	0	0	0
12	4676899	C	G	C	0.0238	0	0	0.0238	0	0	0	0	0
16	89631665	T	C	C	0.035	0	0.035	0	0	0	0	0	0
19	39406442	G	A	G	0.0197	0	0	0	0	0.0197	0	0	0
9	139241828	T	C	C	0.0764	0	0	0.0764	0	0	0	0	0
17	57973096	C	T	C	0.023	0	0	0	0	0.023	0	0	0
6	83040285	T	C	T	0.0174	0	0	0	0.0174	0	0	0	0
3	36869439	T	C	T	0.0153	0.0153	0	0	0	0	0	0	0
1	201856521	C	G	C	0.0257	0	0.0257	0	0	0	0	0	0
7	44193462	G	T	T	0.029	0	0	0.029	0	0	0	0	0
8	135786277	G	T	T	0.0194	0	0	0.0194	0	0	0	0	0
9	22161977	G	C	C	0.2122	0.2122	0	0	0	0	0	0	0
3	187684976	C	T	C	0.0427	0	0	0	0.0427	0	0	0	0
18	57829135	T	C	C	0.0592	0	0.0592	0	0	0	0	0	0
9	84308948	G	A	G	0.0569	0	0	0	0	0	0.0569	0	0
4	186572503	T	C	T	0.0262	0	0	0.0262	0	0	0	0	0
14	29744532	A	G	A	0.0205	0	0.0205	0	0	0	0	0	0
15	67262832	C	T	T	0.0306	0	0.0306	0	0	0	0	0	0
7	100327089	G	C	C	0.0402	0	0	0	0	0	0.0402	0	0
6	39034095	C	T	T	0.0356	0	0	0	0	0	0.0356	0	0
7	112882514	G	A	G	0.0187	0	0.0187	0	0	0	0	0	0
15	57405674	A	G	A	0.0234	0	0	0.0234	0	0	0	0	0
1	96898302	G	A	A	0.0204	0	0.0204	0	0	0	0	0	0
10	71321279	A	G	G	0.0358	0	0	0	0.0358	0	0	0	0
16	1129010	C	A	A	0.0557	0.0557	0	0	0	0	0	0	0
1	107883043	A	G	G	0.0202	0	0.0202	0	0	0	0	0	0
11	2858546	C	T	C	0.2296	0	0	0	0	0	0.2296	0	0
9	84241308	C	T	C	0.0375	0	0	0	0.0375	0	0	0	0
20	32188142	C	T	T	0.0403	0	0	0.0403	0	0	0	0	0
16	83980529	C	G	G	0.0248	0.0248	0	0	0	0	0	0	0
13	33486529	A	T	A	0.0199	0	0	0	0.0199	0	0	0	0
17	61560763	T	C	T	0.0204	0	0	0	0.0204	0	0	0	0
1	203518873	A	C	A	0.0227	0	0	0	0	0	0	0.0227	0
10	94208781	C	T	T	0.0581	0	0	0	0.0581	0	0	0	0
1	146722484	G	A	A	0.0362	0	0	0	0	0	0.0362	0	0
1	227399214	C	T	C	0.0146	0.0146	0	0	0	0	0	0	0
10	114703335	G	A	G	0.093	0.093	0	0	0	0	0	0	0
11	128042575	T	C	T	0.0332	0	0	0	0.0332	0	0	0	0
1	39803572	G	A	A	0.1124	0	0	0	0.1124	0	0	0	0
19	50034101	G	A	A	0.0319	0.0319	0	0	0	0	0	0	0
17	3838761	C	T	C	0.0453	0	0	0	0.0453	0	0	0	0
17	66449122	G	A	G	0.0252	0	0	0	0	0.0252	0	0	0
8	81375457	C	T	C	0.0291	0	0.0291	0	0	0	0	0	0
8	129552344	C	T	T	0.0294	0	0	0	0.0294	0	0	0	0
7	76727093	C	T	T	0.0319	0	0.0319	0	0	0	0	0	0
9	126525212	A	G	G	0.0214	0	0.0214	0	0	0	0	0	0
11	55510606	C	T	T	0.0297	0.0297	0	0	0	0	0	0	0
6	20725955	C	T	T	0.1612	0	0	0	0.1612	0	0	0	0
13	46518966	T	C	C	0.0242	0	0	0	0.0242	0	0	0	0
9	136149229	T	C	C	0.0461	0	0	0	0	0	0.0461	0	0
4	77532524	G	A	G	0.0204	0	0	0	0.0204	0	0	0	0
5	159213685	A	G	G	0.0305	0	0	0.0305	0	0	0	0	0
22	19971552	T	C	C	0.0222	0	0	0	0.0222	0	0	0	0
6	20927169	T	G	T	0.0283	0	0	0	0	0	0.0283	0	0
8	25872634	A	G	G	0.0321	0	0	0	0.0321	0	0	0	0
8	116697876	A	G	G	0.0215	0	0.0215	0	0	0	0	0	0
10	94542610	G	A	G	0.0181	0	0	0.0181	0	0	0	0	0
16	53541478	C	T	C	0.0218	0	0	0	0.0218	0	0	0	0
15	43895118	T	C	T	0.0326	0.0326	0	0	0	0	0	0	0
17	7537792	T	C	T	0.0204	0	0	0.0204	0	0	0	0	0
1	40703244	G	A	A	0.0643	0	0.0643	0	0	0	0	0	0
19	45734751	A	G	G	0.0217	0	0.0217	0	0	0	0	0	0
16	85704584	A	G	G	0.0208	0	0	0.0208	0	0	0	0	0
3	18815918	G	A	A	0.0175	0.0175	0	0	0	0	0	0	0
15	77606303	C	T	T	0.0546	0	0.0546	0	0	0	0	0	0
20	45596378	A	G	A	0.0399	0	0	0	0	0	0	0.0399	0
6	100596894	T	C	C	0.0231	0.0231	0	0	0	0	0	0	0
11	58390007	C	G	G	0.0313	0	0	0	0.0313	0	0	0	0
1	40035928	G	T	T	0.0675	0	0.0675	0	0	0	0	0	0
7	43910882	C	T	T	0.0623	0.0623	0	0	0	0	0	0	0
2	121215150	C	T	T	0.0207	0.0207	0	0	0	0	0	0	0
7	106714709	T	C	C	0.0197	0	0	0.0197	0	0	0	0	0
5	14753745	A	G	G	0.0991	0	0	0	0.0991	0	0	0	0
2	146348037	G	A	G	0.0255	0	0	0.0255	0	0	0	0	0
5	134241445	G	A	A	0.0196	0.0196	0	0	0	0	0	0	0
14	103998423	G	C	G	0.0213	0	0.0213	0	0	0	0	0	0
3	185141857	C	T	T	0.027	0	0	0.027	0	0	0	0	0
8	116593598	T	C	T	0.0335	0	0.0335	0	0	0	0	0	0
22	35699759	G	A	G	0.0213	0	0	0.0213	0	0	0	0	0
7	100795746	T	C	C	0.0183	0	0.0183	0	0	0	0	0	0
14	23289189	T	C	C	0.0275	0	0	0	0.0275	0	0	0	0
6	20718780	A	G	G	0.1005	0	0	0	0	0	0.1005	0	0
10	71314539	C	G	C	0.1386	0.1386	0	0	0	0	0	0	0
11	2825029	C	T	T	0.2486	0	0	0	0.2486	0	0	0	0
4	951947	T	C	C	0.0323	0	0	0.0323	0	0	0	0	0
13	33522341	T	G	T	0.0785	0	0	0	0.0785	0	0	0	0
7	15069018	A	T	T	0.0472	0.0472	0	0	0	0	0	0	0
10	52609008	T	C	T	0.0145	0	0	0	0	0.0145	0	0	0
10	112621837	T	C	C	0.0324	0	0	0	0.0324	0	0	0	0
6	20986915	G	C	C	0.072	0	0	0	0.072	0	0	0	0
11	57811314	T	A	T	0.0164	0.0164	0	0	0	0	0	0	0
10	80947438	T	C	T	0.0544	0.0544	0	0	0	0	0	0	0
7	44151009	C	T	T	0.0217	0	0	0	0	0	0.0217	0	0
12	33370406	G	A	A	0.0311	0	0.0311	0	0	0	0	0	0
20	62370349	T	C	C	0.0264	0	0.0264	0	0	0	0	0	0
5	52768320	G	A	A	0.0244	0.0244	0	0	0	0	0	0	0
1	206616101	G	A	G	0.025	0	0	0	0.025	0	0	0	0
3	170765480	C	T	T	0.0247	0.0247	0	0	0	0	0	0	0
9	125824055	G	A	A	0.0302	0	0	0.0302	0	0	0	0	0
4	83578271	A	G	A	0.0257	0	0	0.0257	0	0	0	0	0
19	1167922	G	A	G	0.0264	0	0	0	0.0264	0	0	0	0
13	58693112	T	C	T	0.0276	0	0.0276	0	0	0	0	0	0
16	6534122	C	G	C	0.0249	0	0	0	0.0249	0	0	0	0
8	145545546	A	G	G	0.0372	0	0	0	0	0	0.0372	0	0
22	25220606	C	T	T	0.0209	0.0209	0	0	0	0	0	0	0
3	128992047	G	A	G	0.0273	0	0	0.0273	0	0	0	0	0
2	205375909	C	A	C	0.0296	0	0.0296	0	0	0	0	0	0
3	71656045	C	T	C	0.021	0	0.021	0	0	0	0	0	0
2	70339484	C	T	T	0.0245	0	0	0.0245	0	0	0	0	0
6	39115413	C	T	C	0.0197	0	0	0	0.0197	0	0	0	0
11	2853502	T	C	T	0.0283	0.0283	0	0	0	0	0	0	0
10	88113615	A	T	T	0.0281	0	0.0281	0	0	0	0	0	0
1	214216946	A	G	A	0.0568	0	0	0	0.0568	0	0	0	0
10	114838872	C	T	C	0.0442	0	0	0	0	0	0.0442	0	0
22	43034144	A	G	A	0.0126	0.0126	0	0	0	0	0	0	0
12	121416864	C	T	T	0.1419	0	0	0	0.1419	0	0	0	0
15	49872347	A	C	C	0.0183	0.0183	0	0	0	0	0	0	0
8	106432213	C	T	T	0.0171	0	0.0171	0	0	0	0	0	0
6	51429437	T	C	C	0.0511	0.0511	0	0	0	0	0	0	0
1	151000183	G	A	A	0.036	0	0	0	0.036	0	0	0	0
16	20331737	C	G	G	0.0325	0	0	0	0.0325	0	0	0	0
4	140893287	T	C	T	0.0243	0	0.0243	0	0	0	0	0	0
2	175241566	G	A	G	0.0271	0	0.0271	0	0	0	0	0	0
8	34503776	T	C	T	0.0216	0	0.0216	0	0	0	0	0	0
1	229672955	G	A	G	0.0455	0	0	0	0	0	0.0455	0	0
3	156795525	A	G	G	0.0286	0	0	0.0286	0	0	0	0	0
8	30835535	A	G	A	0.0273	0	0.0273	0	0	0	0	0	0
8	97174637	C	T	C	0.0176	0	0	0	0.0176	0	0	0	0
17	17509992	G	A	A	0.0144	0	0	0	0	0	0	0.0144	0
12	93968256	G	A	A	0.0222	0	0	0	0.0222	0	0	0	0
11	17408630	C	T	C	0.0667	0	0	0	0	0.0667	0	0	0
10	114765390	G	A	A	0.242	0	0	0	0	0	0.242	0	0
17	3828086	C	G	G	0.048	0.048	0	0	0	0	0	0	0
4	57434741	A	G	A	0.0108	0.0108	0	0	0	0	0	0	0
13	41600687	G	C	G	0.0172	0.0172	0	0	0	0	0	0	0
16	53803574	T	A	A	0.1196	0	0.1196	0	0	0	0	0	0
12	26474867	G	A	G	0.0367	0	0	0	0	0	0	0.0367	0
2	59139507	T	C	T	0.0252	0	0.0252	0	0	0	0	0	0
1	20729451	G	C	G	0.0302	0	0	0	0	0.0302	0	0	0
9	119245183	G	A	A	0.0194	0	0	0.0194	0	0	0	0	0
9	126179204	C	T	T	0.0214	0	0.0214	0	0	0	0	0	0
12	71463415	A	C	C	0.0351	0	0	0.0351	0	0	0	0	0
10	114709925	C	T	T	0.1189	0.1189	0	0	0	0	0	0	0
3	15706124	G	A	G	0.0235	0	0.0235	0	0	0	0	0	0
3	89986280	T	C	C	0.0413	0	0	0	0.0413	0	0	0	0
10	75504029	T	A	A	0.0211	0	0.0211	0	0	0	0	0	0
4	1240299	T	G	T	0.0811	0.0811	0	0	0	0	0	0	0
6	15475051	T	A	A	0.0222	0	0	0	0.0222	0	0	0	0
9	136912626	C	T	T	0.0281	0	0	0	0	0.0281	0	0	0
2	16574669	G	A	A	0.0412	0	0	0	0.0412	0	0	0	0
12	124826462	C	T	C	0.0257	0	0	0.0257	0	0	0	0	0
10	12548710	G	A	A	0.0273	0	0	0	0.0273	0	0	0	0
2	43197221	G	C	G	0.0224	0	0	0.0224	0	0	0	0	0
8	14125920	C	G	G	0.0228	0	0.0228	0	0	0	0	0	0
3	72789805	G	C	C	0.0255	0	0	0	0.0255	0	0	0	0
10	71303133	C	T	C	0.0215	0	0	0	0.0215	0	0	0	0
19	21722479	C	T	C	0.0215	0	0	0	0.0215	0	0	0	0
12	50263148	G	A	A	0.0324	0	0.0324	0	0	0	0	0	0
11	2858014	C	G	C	0.2836	0	0	0	0.2836	0	0	0	0
19	19320825	C	G	G	0.1194	0	0	0.1194	0	0	0	0	0
2	43569728	C	T	T	0.0469	0	0	0	0	0	0.0469	0	0
19	22279252	C	G	C	0.0189	0	0	0	0	0.0189	0	0	0
15	54021967	C	G	G	0.0187	0.0187	0	0	0	0	0	0	0
17	4014384	G	T	T	0.0445	0	0.0445	0	0	0	0	0	0
2	27730940	T	C	C	0.0596	0	0	0	0.0596	0	0	0	0
6	143058692	G	C	G	0.0306	0	0	0	0.0306	0	0	0	0
15	68080886	A	T	A	0.031	0	0.031	0	0	0	0	0	0
7	104916716	G	C	G	0.0197	0.0197	0	0	0	0	0	0	0
16	261116	C	T	C	0.0689	0	0	0	0.0689	0	0	0	0
8	126510338	A	G	G	0.0201	0	0	0	0	0	0	0.0201	0
12	81309262	G	C	C	0.0323	0.0323	0	0	0	0	0	0	0
6	43872093	C	A	C	0.0195	0	0	0	0.0195	0	0	0	0
11	13319894	A	G	A	0.0179	0.0179	0	0	0	0	0	0	0
3	184893137	A	G	G	0.0227	0	0	0.0227	0	0	0	0	0
3	149193684	T	C	C	0.0221	0	0	0	0	0.0221	0	0	0
5	106219514	A	G	A	0.0175	0	0	0	0.0175	0	0	0	0
12	66338582	C	T	T	0.0713	0.0713	0	0	0	0	0	0	0
1	103214274	G	A	A	0.0146	0.0146	0	0	0	0	0	0	0
7	127230676	T	C	C	0.0239	0	0	0	0.0239	0	0	0	0
11	28721656	A	T	A	0.0238	0	0.0238	0	0	0	0	0	0
20	57384175	C	T	T	0.0195	0.0195	0	0	0	0	0	0	0
9	83992174	C	T	C	0.0221	0	0	0	0.0221	0	0	0	0
10	80932860	G	A	A	0.0354	0	0	0	0.0354	0	0	0	0
17	65651268	G	A	A	0.0451	0	0	0	0	0.0451	0	0	0
6	43739989	C	T	T	0.0195	0.0195	0	0	0	0	0	0	0
17	73178311	T	C	T	0.0211	0	0	0	0.0211	0	0	0	0
6	39832964	T	C	C	0.0171	0	0	0	0.0171	0	0	0	0
3	173114305	A	G	G	0.0221	0	0.0221	0	0	0	0	0	0
11	128390791	T	C	T	0.0376	0	0	0.0376	0	0	0	0	0
8	41540810	G	C	C	0.0715	0	0	0	0	0.0715	0	0	0
2	121347612	G	C	G	0.0465	0	0	0.0465	0	0	0	0	0
5	43612628	A	T	A	0.0356	0.0356	0	0	0	0	0	0	0
15	40741295	G	A	A	0.0208	0	0	0	0.0208	0	0	0	0
3	183738626	T	A	T	0.0196	0	0	0	0.0196	0	0	0	0
1	2189477	T	C	T	0.0199	0.0199	0	0	0	0	0	0	0
19	31038995	T	C	T	0.0143	0.0143	0	0	0	0	0	0	0
6	20671458	A	C	A	0.1122	0.1122	0	0	0	0	0	0	0
3	150066540	T	A	A	0.0577	0	0	0	0	0	0	0.0577	0
7	23602591	C	T	T	0.0354	0	0	0	0.0354	0	0	0	0
4	6297646	A	C	C	0.0666	0	0	0	0	0.0666	0	0	0
20	45553106	G	A	A	0.0226	0	0	0	0.0226	0	0	0	0
9	22584584	A	G	G	0.0191	0	0	0	0.0191	0	0	0	0
1	120474178	C	T	T	0.0587	0.0587	0	0	0	0	0	0	0
6	20506815	A	G	A	0.0481	0.0481	0	0	0	0	0	0	0
11	43934592	C	T	C	0.0178	0	0.0178	0	0	0	0	0	0
10	119584045	T	C	C	0.012	0	0	0	0.012	0	0	0	0
3	125081421	C	T	C	0.0194	0	0	0	0.0194	0	0	0	0
10	102993649	G	A	A	0.0218	0	0	0	0.0218	0	0	0	0
2	239869402	G	C	G	0.0205	0	0	0	0.0205	0	0	0	0
7	97810918	A	G	G	0.0354	0	0	0	0	0.0354	0	0	0
16	300388	T	C	T	0.0401	0	0	0.0401	0	0	0	0	0
3	24993762	C	G	G	0.0145	0	0	0	0.0145	0	0	0	0
17	6953155	G	A	A	0.093	0	0	0	0	0.093	0	0	0
9	98278413	C	T	C	0.0401	0.0401	0	0	0	0	0	0	0
14	103227852	T	G	G	0.0146	0	0	0	0.0146	0	0	0	0
10	71094504	T	C	T	0.044	0	0	0	0	0	0.044	0	0
5	53465786	T	C	T	0.0247	0	0	0.0247	0	0	0	0	0
11	9599943	A	G	A	0.0159	0.0159	0	0	0	0	0	0	0
6	26330492	T	G	T	0.0245	0	0.0245	0	0	0	0	0	0
5	55761177	G	A	A	0.0159	0	0	0	0.0159	0	0	0	0
18	53050646	A	C	C	0.0677	0.0677	0	0	0	0	0	0	0
15	91522966	G	A	G	0.0343	0	0	0	0.0343	0	0	0	0
8	118121734	A	G	G	0.0084	0.0084	0	0	0	0	0	0	0
12	89470751	C	G	C	0.0036	0	0	0	0.0036	0	0	0	0
6	36911274	G	A	G	0.0256	0	0	0	0.0256	0	0	0	0
7	102058179	C	T	C	0.0194	0	0	0	0	0.0194	0	0	0
8	41380224	C	T	T	0.0274	0	0	0	0.0274	0	0	0	0
17	43218259	A	G	G	0.0212	0.0212	0	0	0	0	0	0	0
10	122975633	C	T	C	0.0278	0	0	0	0	0	0	0.0278	0
3	12189510	T	A	T	0.0468	0	0	0	0	0	0	0.0468	0
15	31725775	T	C	T	0.0164	0	0	0	0	0	0	0.0164	0
8	37397803	T	C	T	0.0412	0	0	0.0412	0	0	0	0	0
7	150308848	C	T	T	0.0239	0	0	0.0239	0	0	0	0	0
5	75244122	A	T	A	0.0236	0	0.0236	0	0	0	0	0	0
7	13892902	G	A	A	0.0266	0	0	0	0	0.0266	0	0	0
5	53283630	T	A	A	0.042	0	0	0.042	0	0	0	0	0
20	42999433	G	A	G	0.1902	0	0	0.1902	0	0	0	0	0
18	36594057	G	T	T	0.0328	0	0	0	0.0328	0	0	0	0
12	4403876	C	T	C	0.1019	0	0	0	0	0	0.1019	0	0
12	4031104	C	T	C	0.0351	0.0351	0	0	0	0	0	0	0
3	187741842	A	G	G	0.0508	0	0	0	0	0	0.0508	0	0
5	72027242	G	A	A	0.0247	0.0247	0	0	0	0	0	0	0
10	26493792	T	G	T	0.0263	0	0	0	0	0.0263	0	0	0
19	31829903	A	C	A	0.0219	0	0	0	0	0.0219	0	0	0
9	32094193	C	G	C	0.022	0.022	0	0	0	0	0	0	0
5	56196604	G	A	G	0.0254	0	0	0.0254	0	0	0	0	0
11	72460398	A	C	A	0.0863	0	0	0	0	0.0863	0	0	0
10	94485260	A	G	G	0.1824	0	0	0	0.1824	0	0	0	0
6	127416930	A	G	A	0.0438	0	0	0	0	0	0.0438	0	0
6	20686573	C	A	A	0.1322	0	0	0	0	0	0.1322	0	0
12	103662895	T	C	T	0.0256	0	0.0256	0	0	0	0	0	0
11	32441377	C	T	T	0.0244	0.0244	0	0	0	0	0	0	0
7	127253551	G	T	T	0.24	0.24	0	0	0	0	0	0	0
20	42977256	A	T	T	0.0447	0	0	0	0.0447	0	0	0	0
5	76714380	C	T	C	0.0192	0.0192	0	0	0	0	0	0	0
10	93445675	T	A	A	0.0307	0	0	0	0.0307	0	0	0	0
3	185259829	G	A	G	0.0502	0	0	0.0502	0	0	0	0	0
13	28012527	A	G	G	0.015	0	0.015	0	0	0	0	0	0
9	139245194	C	T	T	0.0612	0.0612	0	0	0	0	0	0	0
12	31379095	G	A	G	0.0252	0.0252	0	0	0	0	0	0	0
15	52587740	G	T	G	0.0815	0	0	0	0	0	0.0815	0	0
8	25464670	G	T	T	0.0334	0	0	0	0.0334	0	0	0	0
12	4399050	A	G	G	0.0489	0	0	0	0	0	0.0489	0	0
12	31374655	G	A	A	0.1932	0	0	0	0.1932	0	0	0	0
8	28121724	C	G	G	0.0212	0	0.0212	0	0	0	0	0	0
2	145256545	C	T	C	0.0187	0	0	0	0.0187	0	0	0	0
1	172359780	A	G	A	0.0236	0	0	0	0	0	0	0.0236	0
3	25107866	A	G	G	0.0196	0	0	0	0.0196	0	0	0	0
18	52846725	T	G	G	0.0161	0.0161	0	0	0	0	0	0	0
6	31317850	G	A	A	0.0291	0	0	0.0291	0	0	0	0	0
4	725109	G	T	T	0.0765	0	0	0	0	0	0.0765	0	0
15	77776562	A	C	C	0.0644	0	0	0.0644	0	0	0	0	0
10	71465359	G	T	T	0.0315	0.0315	0	0	0	0	0	0	0
22	30157940	T	C	T	0.0186	0	0	0	0.0186	0	0	0	0
7	140628735	G	A	A	0.0375	0	0	0	0.0375	0	0	0	0
16	89681640	G	A	G	0.0366	0	0	0	0.0366	0	0	0	0
1	213952992	T	C	T	0.023	0	0	0	0.023	0	0	0	0
13	79587841	A	C	C	0.0169	0	0.0169	0	0	0	0	0	0
12	88343574	C	T	C	0.0159	0	0	0	0.0159	0	0	0	0
12	4301301	C	T	T	0.0681	0.0681	0	0	0	0	0	0	0
10	71355697	G	T	T	0.2197	0.2197	0	0	0	0	0	0	0
2	25938077	A	T	T	0.0286	0	0	0	0.0286	0	0	0	0
8	118070958	G	T	G	0.193	0	0	0	0	0.193	0	0	0
11	92716824	G	A	A	0.0915	0	0	0	0	0	0.0915	0	0
20	32674967	C	T	T	0.0339	0	0	0.0339	0	0	0	0	0
10	114797471	C	G	C	0.0776	0	0	0	0	0	0.0776	0	0
17	1510048	A	G	G	0.0323	0	0	0	0	0.0323	0	0	0
1	28991547	C	G	C	0.017	0	0	0	0.017	0	0	0	0
11	79027802	C	G	G	0.0206	0.0206	0	0	0	0	0	0	0
21	46494995	T	C	T	0.0218	0	0.0218	0	0	0	0	0	0
8	41503003	G	C	C	0.0312	0	0	0	0.0312	0	0	0	0
5	95849587	T	C	C	0.0247	0	0.0247	0	0	0	0	0	0
11	2269939	G	A	G	0.1912	0	0	0	0.1912	0	0	0	0
6	153383590	G	A	A	0.0323	0	0.0323	0	0	0	0	0	0
6	160774459	C	T	C	0.0308	0	0	0.0308	0	0	0	0	0
15	83753712	A	G	A	0.0195	0.0195	0	0	0	0	0	0	0
18	40072230	C	T	T	0.0247	0	0.0247	0	0	0	0	0	0
11	2895266	C	A	C	0.1615	0	0	0	0.1615	0	0	0	0
20	18648669	G	A	A	0.0261	0	0	0	0.0261	0	0	0	0
3	54828827	G	T	T	0.0633	0	0	0	0.0633	0	0	0	0
2	26561117	C	A	C	0.0166	0.0166	0	0	0	0	0	0	0
6	139835689	C	T	C	0.0233	0	0	0	0	0	0	0.0233	0
8	22496048	G	A	A	0.0281	0	0	0.0281	0	0	0	0	0
4	85399336	T	C	C	0.1258	0.1258	0	0	0	0	0	0	0
19	1236481	C	T	C	0.0445	0	0	0	0.0445	0	0	0	0
11	45858584	G	A	G	0.0299	0	0	0	0	0.0299	0	0	0
11	117693255	T	C	T	0.0274	0	0	0	0.0274	0	0	0	0
10	115792787	G	A	G	0.0178	0.0178	0	0	0	0	0	0	0
8	105662373	A	G	A	0.047	0	0	0	0.047	0	0	0	0
10	114793907	T	C	C	0.2513	0	0	0	0	0	0.2513	0	0
18	60895919	T	C	C	0.0273	0.0273	0	0	0	0	0	0	0
10	102420598	T	G	G	0.0214	0	0.0214	0	0	0	0	0	0
12	4340575	A	G	A	0.0143	0.0143	0	0	0	0	0	0	0
10	101912064	T	C	T	0.0225	0	0.0225	0	0	0	0	0	0
12	31493435	G	C	C	0.0841	0.0841	0	0	0	0	0	0	0
3	123193270	T	C	T	0.0372	0	0	0	0.0372	0	0	0	0
8	103876325	G	A	G	0.0263	0	0	0.0263	0	0	0	0	0
15	75803200	T	C	T	0.0425	0.0425	0	0	0	0	0	0	0
10	77647107	G	A	A	0.019	0	0.019	0	0	0	0	0	0
20	50153344	T	C	T	0.0239	0.0239	0	0	0	0	0	0	0
2	163711137	C	G	G	0.0207	0	0	0	0.0207	0	0	0	0
2	59144691	T	C	C	0.0593	0	0	0	0.0593	0	0	0	0
14	101255172	A	G	A	0.0443	0	0	0	0.0443	0	0	0	0
9	1036193	A	G	G	0.0272	0	0	0.0272	0	0	0	0	0
13	80592204	G	A	G	0.0168	0	0	0	0	0.0168	0	0	0
3	188040590	T	C	C	0.0205	0.0205	0	0	0	0	0	0	0
2	121109091	G	A	G	0.0697	0	0	0	0.0697	0	0	0	0
13	22589883	A	G	A	0.0226	0	0	0	0.0226	0	0	0	0
2	226920775	G	A	A	0.0376	0	0	0	0	0	0	0.0376	0
5	51791225	T	C	T	0.0274	0.0274	0	0	0	0	0	0	0
11	2579163	A	G	A	0.0766	0.0766	0	0	0	0	0	0	0
6	52627322	G	A	A	0.0223	0.0223	0	0	0	0	0	0	0
2	112253851	T	C	T	0.0289	0	0	0.0289	0	0	0	0	0
19	46183586	C	T	T	0.0335	0	0	0	0	0	0.0335	0	0
2	233684402	A	G	A	0.022	0	0	0	0.022	0	0	0	0
6	32805470	C	G	G	0.0195	0	0	0	0.0195	0	0	0	0
4	45182527	A	G	G	0.0412	0	0.0412	0	0	0	0	0	0
2	40475022	G	C	C	0.0226	0	0	0	0.0226	0	0	0	0
20	51617164	T	G	T	0.02	0	0	0	0	0.02	0	0	0
22	20052481	C	A	C	0.0204	0	0	0	0.0204	0	0	0	0
8	10783769	T	C	T	0.026	0	0.026	0	0	0	0	0	0
20	22427370	C	G	C	0.0274	0	0	0	0.0274	0	0	0	0
11	93013531	C	T	C	0.0327	0	0	0	0	0.0327	0	0	0
2	48155484	C	A	A	0.027	0.027	0	0	0	0	0	0	0
15	53088801	G	A	A	0.0313	0	0.0313	0	0	0	0	0	0
1	150515744	T	C	C	0.0217	0.0217	0	0	0	0	0	0	0
11	20952237	G	A	A	0.0423	0	0.0423	0	0	0	0	0	0
17	80683980	C	T	T	0.0199	0	0	0	0	0	0.0199	0	0
4	185706153	C	T	T	0.0221	0	0	0	0	0.0221	0	0	0
6	143196518	A	C	A	0.026	0.026	0	0	0	0	0	0	0
2	213687103	T	C	T	0.0721	0	0	0	0.0721	0	0	0	0
11	2875965	G	A	A	0.0247	0	0	0	0.0247	0	0	0	0
3	23457080	T	C	T	0.0622	0	0	0	0.0622	0	0	0	0
12	27893346	G	A	A	0.0216	0	0	0	0.0216	0	0	0	0
5	118731247	T	G	T	0.0197	0	0	0.0197	0	0	0	0	0
13	28525362	A	G	G	0.0273	0.0273	0	0	0	0	0	0	0
10	114793595	G	A	A	0.1985	0	0	0.1985	0	0	0	0	0
11	128204110	C	T	C	0.0343	0.0343	0	0	0	0	0	0	0
3	23632174	C	G	G	0.1039	0	0	0	0	0.1039	0	0	0
10	114710876	C	T	C	0.0492	0	0	0	0.0492	0	0	0	0
11	2692506	A	G	G	0.0586	0	0	0	0.0586	0	0	0	0
11	35433712	C	A	C	0.0437	0	0	0	0.0437	0	0	0	0
6	33385953	A	G	G	0.0258	0	0.0258	0	0	0	0	0	0
9	81907986	A	G	A	0.0722	0.0722	0	0	0	0	0	0	0
17	36055558	A	G	G	0.0296	0	0	0	0.0296	0	0	0	0
19	45411941	T	C	T	0.0561	0	0	0	0	0	0	0	0.0561
11	2691471	A	G	G	0.0525	0	0	0.0525	0	0	0	0	0
7	18311060	G	C	G	0.0258	0.0258	0	0	0	0	0	0	0
2	27741633	C	G	G	0.0469	0.0469	0	0	0	0	0	0	0
8	118221217	C	T	C	0.0937	0.0937	0	0	0	0	0	0	0
12	4376089	C	T	C	0.0407	0	0	0	0.0407	0	0	0	0
10	114736670	T	G	T	0.1671	0	0	0	0.1671	0	0	0	0
1	236427387	A	T	T	0.0213	0	0	0	0.0213	0	0	0	0
4	178910307	T	C	C	0.0185	0	0	0	0.0185	0	0	0	0
11	9537904	G	C	C	0.0356	0	0	0	0.0356	0	0	0	0
6	107426692	G	C	G	0.0295	0	0	0.0295	0	0	0	0	0
17	41456413	A	G	G	0.0246	0	0	0.0246	0	0	0	0	0
11	2756965	C	T	T	0.0356	0	0	0	0.0356	0	0	0	0
10	114721774	A	G	G	0.1281	0	0	0	0	0	0.1281	0	0
20	42832789	C	T	T	0.0252	0	0	0	0.0252	0	0	0	0
18	21100504	G	A	G	0.032	0	0.032	0	0	0	0	0	0
6	31277988	A	G	G	0.0294	0	0	0	0.0294	0	0	0	0
14	101155536	C	T	C	0.0217	0	0.0217	0	0	0	0	0	0
2	636790	T	C	T	0.056	0	0.056	0	0	0	0	0	0
3	46925539	T	C	C	0.0199	0	0	0.0199	0	0	0	0	0
17	70645032	G	A	G	0.0346	0	0	0	0.0346	0	0	0	0
10	114822698	T	C	T	0.0825	0	0	0	0	0	0.0825	0	0
17	6553168	G	A	G	0.0164	0	0	0.0164	0	0	0	0	0
1	151359478	G	A	G	0.0056	0	0	0	0.0056	0	0	0	0
20	1893747	T	C	C	0.0186	0	0	0	0.0186	0	0	0	0
11	1696849	C	T	T	0.0183	0	0	0	0.0183	0	0	0	0
2	208868780	T	C	T	0.0235	0	0	0	0.0235	0	0	0	0
1	51223263	T	C	T	0.0684	0	0	0.0684	0	0	0	0	0
17	9791549	A	G	G	0.0275	0	0	0	0.0275	0	0	0	0
2	65571889	G	C	G	0.0839	0	0	0	0.0839	0	0	0	0
9	31222420	C	A	C	0.0226	0	0.0226	0	0	0	0	0	0
1	212392953	T	C	T	0.0134	0.0134	0	0	0	0	0	0	0
5	153548206	T	C	T	0.0252	0	0.0252	0	0	0	0	0	0
2	65284231	A	T	A	0.0382	0	0	0.0382	0	0	0	0	0
11	2862159	A	C	C	0.0131	0	0	0	0	0	0.0131	0	0
17	4807098	T	C	C	0.0189	0	0.0189	0	0	0	0	0	0
1	118143517	A	G	A	0.0336	0	0	0	0	0.0336	0	0	0
7	49592943	C	T	T	0.0226	0	0.0226	0	0	0	0	0	0
5	122682812	G	A	G	0.054	0	0	0	0.054	0	0	0	0
11	2073182	A	G	G	0.0213	0	0	0.0213	0	0	0	0	0
10	114829769	C	T	C	0.048	0	0	0	0	0	0.048	0	0
8	95696130	C	T	T	0.0243	0	0	0	0	0	0.0243	0	0
11	92731478	A	T	T	0.0149	0	0	0	0.0149	0	0	0	0
3	160154258	A	C	A	0.0258	0	0	0	0	0	0.0258	0	0
12	82400498	T	C	T	0.0241	0	0	0	0.0241	0	0	0	0
4	71761726	C	T	C	0.0556	0	0	0	0.0556	0	0	0	0
19	818284	A	G	A	0.0209	0	0	0	0.0209	0	0	0	0
3	113001706	A	G	G	0.0245	0.0245	0	0	0	0	0	0	0
3	185514189	G	A	A	0.1106	0	0	0.1106	0	0	0	0	0
2	120282015	C	T	T	0.0225	0	0	0	0	0.0225	0	0	0
6	20725365	G	A	G	0.1224	0.1224	0	0	0	0	0	0	0
1	96479066	T	A	A	0.0213	0	0	0	0.0213	0	0	0	0
15	65743050	A	G	A	0.0174	0	0	0	0.0174	0	0	0	0
10	29203067	C	A	A	0.0263	0	0	0	0.0263	0	0	0	0
4	106049416	A	T	T	0.0368	0	0	0	0	0.0368	0	0	0
6	39048060	C	T	C	0.0366	0	0	0	0.0366	0	0	0	0
9	90815483	G	C	C	0.0203	0	0	0.0203	0	0	0	0	0
7	102481891	C	T	C	0.0453	0	0	0	0	0.0453	0	0	0
22	32128271	G	A	A	0.0361	0	0	0	0.0361	0	0	0	0
1	210361351	C	A	A	0.0286	0	0.0286	0	0	0	0	0	0
6	32182759	G	A	G	0.0162	0	0	0	0.0162	0	0	0	0
17	76758251	A	G	A	0.0332	0.0332	0	0	0	0	0	0	0
8	41509070	T	A	T	0.2391	0	0	0	0	0.2391	0	0	0
7	127253550	C	T	T	0.3282	0	0	0	0.3282	0	0	0	0
12	13191175	C	T	T	0.0211	0	0	0	0.0211	0	0	0	0
15	47415535	A	G	G	0.0212	0	0	0	0.0212	0	0	0	0
15	40397191	C	G	G	0.0386	0	0	0.0386	0	0	0	0	0
11	69088374	C	G	G	0.0224	0	0	0	0	0	0	0.0224	0
1	205012106	G	C	C	0.0421	0	0	0.0421	0	0	0	0	0
13	108804608	G	C	C	0.0407	0	0	0	0.0407	0	0	0	0
4	100239319	T	C	C	0.0165	0	0.0165	0	0	0	0	0	0
13	94660569	A	G	A	0.0205	0.0205	0	0	0	0	0	0	0
10	12307894	C	T	T	0.0934	0	0	0	0	0.0934	0	0	0
20	57415110	A	G	G	0.0285	0	0	0	0	0	0.0285	0	0
12	114123722	C	G	G	0.0136	0	0	0	0.0136	0	0	0	0
